From	To
Q9HCU5	5TF2
Q15906	5FUG
P53539	5VPA
P53539	5VPB
P53539	5VPC
P53539	5VPD
P53539	5VPE
P53539	5VPF
P53539	6UCI
P53539	6UCL
P53539	6UCM
Q9H9Y6	7OB9
Q9H9Y6	7OBA
Q9H9Y6	7OBB
Q9H9Y6	7VBA
Q9H9Y6	7VBB
Q9H9Y6	7VBC
Q14469	2MH3
Q14469	7C4O
Q49A26	2UYY
Q49A26	4GUR
Q49A26	4GUS
Q49A26	4GUT
Q49A26	4GUU
Q49A26	4HSU
Q49A26	6R1U
Q49A26	6R25
P22736	2QW4
P22736	3V3E
P22736	3V3Q
P22736	4JGV
P22736	4KZI
P22736	4KZJ
P22736	4KZM
P22736	4RE8
P22736	4REE
P22736	4REF
P22736	4RZE
P22736	4RZF
P22736	4RZG
P22736	4WHF
P22736	4WHG
P22736	6KZ5
P22736	6LC1
P49916	1IMO
P49916	1IN1
P49916	1UW0
P49916	3L2P
P49916	3PC7
P49916	3PC8
P49916	3QVG
P49916	6WH1
P67809	1H95
P67809	5YTS
P67809	5YTT
P67809	5YTV
P67809	5YTX
P67809	6A6L
P67809	6KTC
P67809	6KUG
P67809	6LMR
P67809	6LMS
P28340	6S1M
P28340	6S1N
P28340	6S1O
P28340	6TNY
P28340	6TNZ
P01106	1A93
P01106	1EE4
P01106	1MV0
P01106	1NKP
P01106	2A93
P01106	2OR9
P01106	4Y7R
P01106	5I4Z
P01106	5I50
P01106	6C4U
P01106	6E16
P01106	6E24
P01106	6G6J
P01106	6G6K
P01106	6G6L
Q92833	5HYN
Q92833	5LS6
Q92833	5WAI
Q92833	6C23
Q92833	6C24
Q92833	6NQ3
Q92833	6WKR
Q92833	7KSO
P43246	2O8B
P43246	2O8C
P43246	2O8D
P43246	2O8E
P43246	2O8F
P43246	3THW
P43246	3THX
P43246	3THY
P43246	3THZ
P11388	1ZXM
P11388	1ZXN
P11388	4FM9
P11388	4R1F
P11388	5GWK
P11388	5NNE
P11388	6ZY5
P11388	6ZY6
P11388	6ZY7
P11388	6ZY8
P11387	1A31
P11387	1A35
P11387	1A36
P11387	1EJ9
P11387	1K4S
P11387	1K4T
P11387	1LPQ
P11387	1NH3
P11387	1R49
P11387	1RR8
P11387	1RRJ
P11387	1SC7
P11387	1SEU
P11387	1T8I
P11387	1TL8
Q99593	2X6U
Q99593	2X6V
Q99593	4S0H
Q99593	5BQD
Q99598	3PJA
Q99598	3QB5
Q92878	5GOX
Q92889	1Z00
Q92889	2A1J
Q92889	2AQ0
Q92889	2KN7
Q92889	2MUT
Q92889	6SXA
Q92889	6SXB
P11308	1SXE
P11308	4IRG
P11308	4IRH
P11308	4IRI
P11308	5YBC
P11308	5YBD
P11308	6VGE
P11308	6VGG
Q0VG06	7KZP
Q0VG06	7KZQ
Q0VG06	7KZR
Q0VG06	7KZS
Q0VG06	7KZT
Q0VG06	7KZV
Q8WVM0	6AAX
Q8WVM0	6AJK
Q63HK5	2DMI
Q7KZ85	6GME
Q7KZ85	6GMH
Q7KZ85	6TED
Q7KZ85	7OOP
Q7KZ85	7OPC
Q7KZ85	7OPD
P83916	2FMM
P83916	3F2U
P83916	3Q6S
P83916	5T1G
P83916	6D07
P83916	6D08
Q99856	2KK0
Q99856	4LJX
Q99816	1KPP
Q99816	1KPQ
Q99816	1M4P
Q99816	1M4Q
Q99816	1S1Q
Q99816	2F0R
Q99816	3IV1
Q99816	3OBQ
Q99816	3OBS
Q99816	3OBU
Q99816	3OBX
Q99816	3P9G
Q99816	3P9H
Q99816	4EJE
Q99816	4YC1
Q99816	4ZNY
Q99816	5VKG
Q99816	6UD0
Q99816	6VME
Q99816	7NLC
P28324	1BC7
P28324	1BC8
P28324	1HBX
P28324	1K6O
P28347	2HZD
P28347	3KYS
P28347	4RE1
P28347	4Z8E
P28347	5NNX
P28347	6HIL
P28347	6IM5
P28347	7CMM
Q15560	2LW4
Q15544	1BH8
Q15544	1BH9
Q15544	6MZD
Q15544	6MZL
Q15544	7EDX
Q15544	7EG7
Q15544	7EG8
Q15544	7EG9
Q15544	7EGA
Q15544	7EGB
Q15544	7EGC
Q15544	7EGD
Q15544	7EGE
Q15544	7EGF
Q15544	7EGI
Q15544	7EGJ
Q15544	7ENA
Q15544	7ENC
Q15543	1BH8
Q15543	1BH9
Q15543	6MZD
Q15543	6MZL
Q15543	7EDX
Q15543	7EG7
Q15543	7EG8
Q15543	7EG9
Q15543	7EGA
Q15543	7EGB
Q15543	7EGC
Q15543	7EGD
Q15543	7EGE
Q15543	7EGF
Q15543	7EGI
Q15543	7EGJ
Q15543	7ENA
Q15543	7ENC
O00488	1ZR9
O00488	6LSS
O00488	6LU8
O00482	1YOK
O00482	1YUC
O00482	1ZDU
O00482	2A66
O00482	3PLZ
O00482	3TX7
O00482	4DOR
O00482	4DOS
O00482	4IS8
O00482	4ONI
O00482	4PLD
O00482	4PLE
O00482	4RWV
O00482	5L0M
O00482	5L11
O00482	5SYZ
O00482	5UNJ
O00482	6OQX
O00482	6OQY
O00482	6OR1
O00482	6VC2
O00482	6VIF
O00482	7JYD
O00482	7JYE
O00470	4XRS
O00470	5EGO
P04908	2CV5
P04908	2RVQ
P04908	3A6N
P04908	3AFA
P04908	3AN2
P04908	3AV1
P04908	3AV2
P04908	3AYW
P04908	3AZE
P04908	3AZF
P04908	3AZG
P04908	3AZH
P04908	3AZI
P04908	3AZJ
P04908	3AZK
P04908	3AZL
P04908	3AZM
P04908	3AZN
P04908	3W96
P04908	3W97
P04908	3W98
P04908	3W99
P04908	3WKJ
P04908	3WTP
P04908	3X1S
P04908	3X1V
P04908	4YM5
P04908	4YM6
P04908	4Z5T
P04908	5AV5
P04908	5AV6
P04908	5AV8
P04908	5AV9
P04908	5AVB
P04908	5AVC
P04908	5AY8
P04908	5B0Y
P04908	5B0Z
P04908	5B24
P04908	5B2I
P04908	5B2J
P04908	5B31
P04908	5B32
P04908	5B40
P04908	5CPI
P04908	5CPJ
P04908	5CPK
P04908	5GSE
P04908	5GTC
P04908	5GXQ
P04908	5JRG
P04908	5X7X
P04908	5XF3
P04908	5XF4
P04908	5XF5
P04908	5Y0C
P04908	5Y0D
P04908	5Z23
P04908	5ZBX
P04908	6A5L
P04908	6A5O
P04908	6A5P
P04908	6A5R
P04908	6A5T
P04908	6A5U
P04908	6ACL
P04908	6AEE
P04908	6BUZ
P04908	6E0C
P04908	6E0P
P04908	6HKT
P04908	6HTS
P04908	6INQ
P04908	6IPU
P04908	6IQ4
P04908	6IR9
P04908	6J4W
P04908	6J4X
P04908	6J4Y
P04908	6J4Z
P04908	6J50
P04908	6J51
P04908	6JR0
P04908	6JR1
P04908	6JXD
P04908	6KE9
P04908	6KXV
P04908	6L49
P04908	6L4A
P04908	6L9H
P04908	6L9Z
P04908	6LA2
P04908	6LA8
P04908	6LA9
P04908	6LAB
P04908	6LE9
P04908	6LER
P04908	6M3V
P04908	6M44
P04908	6O1D
P04908	6R8Y
P04908	6R8Z
P04908	6R90
P04908	6R91
P04908	6R92
P04908	6R93
P04908	6R94
P04908	6T79
P04908	6T7A
P04908	6T7B
P04908	6T7C
P04908	6T7D
P04908	6T90
P04908	6T93
P04908	6USJ
P04908	6V2K
P04908	6V92
P04908	6YOV
P04908	7BWD
P04908	7BXT
P04908	7BY0
P04908	7C0M
P04908	7CCQ
P04908	7CCR
P04908	7COW
P04908	7D1Z
P04908	7D20
P04908	7DBP
P04908	7K5X
P04908	7K5Y
P04908	7K60
P04908	7K61
P04908	7K63
P04908	7LYA
P04908	7LYB
P04908	7LYC
P04908	7NL0
P04908	7V99
Q92800	7KSO
Q92800	7KSR
Q92800	7KTP
P31271	2L7Z
P26599	1QM9
P26599	1SJQ
P26599	1SJR
P26599	2AD9
P26599	2ADB
P26599	2ADC
P26599	2EVZ
P26599	2N3O
P26599	3ZZY
P26599	3ZZZ
P08151	2GLI
P08151	4BLB
P08151	4KMD
P08151	5OM0
Q8WYB5	5U2J
Q8WYB5	6OIE
P21580	2EQE
P21580	2EQF
P21580	2EQG
P21580	2VFJ
P21580	3DKB
P21580	3OJ3
P21580	3OJ4
P21580	3VUW
P21580	3VUX
P21580	3VUY
P21580	3ZJD
P21580	3ZJE
P21580	3ZJF
P21580	3ZJG
P21580	5LRX
P21580	5V3B
P21580	5V3P
P01011	1AS4
P01011	1QMN
P01011	2ACH
P01011	3CAA
P01011	3DLW
P01011	4CAA
P01011	6HGE
Q92945	2HH2
Q92945	2HH3
Q92945	2JVZ
Q92945	2OPU
Q92945	2OPV
Q92945	4B8T
Q05516	1BUO
Q05516	1CS3
O76075	1IBX
Q15796	1DEV
Q15796	1KHX
Q15796	1U7V
Q15796	2LB3
Q15796	5XOD
Q15796	5ZOJ
Q15796	6M64
Q15796	6YIA
Q15796	6ZVQ
Q15796	7CO1
Q13952	1N1J
Q13952	4AWL
Q13952	4CSR
Q13952	6QMP
Q13952	6QMQ
Q13952	6QMS
Q13952	7AH8
Q8N257	6BIZ
P08047	1SP1
P08047	1SP2
P08047	1VA1
P08047	1VA2
P08047	1VA3
P08047	6PV0
P08047	6PV1
P08047	6PV2
P08047	6PV3
P08047	6UCO
P08047	6UCP
P06899	2RVQ
P06899	3A6N
P06899	3AFA
P06899	3AN2
P06899	3AV1
P06899	3AV2
P06899	3AYW
P06899	3AZE
P06899	3AZF
P06899	3AZG
P06899	3AZH
P06899	3AZI
P06899	3AZJ
P06899	3AZK
P06899	3AZL
P06899	3AZM
P06899	3AZN
P06899	3W96
P06899	3W97
P06899	3W98
P06899	3W99
P06899	3WA9
P06899	3WAA
P06899	3WTP
P06899	4CAY
P06899	4YM5
P06899	4YM6
P06899	4Z5T
P06899	5AV5
P06899	5AV6
P06899	5AV8
P06899	5AV9
P06899	5AVB
P06899	5AVC
P06899	5AY8
P06899	5B0Y
P06899	5B0Z
P06899	5B24
P06899	5B2I
P06899	5B2J
P06899	5B31
P06899	5B32
P06899	5B33
P06899	5B40
P06899	5CPI
P06899	5CPJ
P06899	5CPK
P06899	5FUG
P06899	5GSE
P06899	5GTC
P06899	5GXQ
P06899	5JRG
P06899	5VEY
P06899	5X7X
P06899	5XF3
P06899	5XF4
P06899	5XF5
P06899	5Y0C
P06899	5Y0D
P06899	5Z23
P06899	5Z30
P06899	5ZBX
P06899	6A5L
P06899	6A5O
P06899	6A5P
P06899	6A5R
P06899	6A5T
P06899	6A5U
P06899	6BUZ
P06899	6E0C
P06899	6E0P
P06899	6HKT
P06899	6HTS
P06899	6INQ
P06899	6IPU
P06899	6IQ4
P06899	6IR9
P06899	6J4W
P06899	6J4X
P06899	6J4Y
P06899	6J4Z
P06899	6J50
P06899	6J51
P06899	6JOU
P06899	6JR0
P06899	6JR1
P06899	6JXD
P06899	6K1I
P06899	6K1J
P06899	6K1K
P06899	6KVD
P06899	6KXV
P06899	6L49
P06899	6L4A
P06899	6L9Z
P06899	6LA2
P06899	6LA8
P06899	6LA9
P06899	6LAB
P06899	6LER
P06899	6M3V
P06899	6M44
P06899	6O1D
P06899	6R8Y
P06899	6R8Z
P06899	6R90
P06899	6R91
P06899	6R92
P06899	6R93
P06899	6R94
P06899	6T90
P06899	6T93
P06899	6USJ
P06899	6V2K
P06899	6YOV
P06899	7BY0
P06899	7C0M
P06899	7CCQ
P06899	7CCR
P06899	7COW
P06899	7D1Z
P06899	7D20
P06899	7E8D
P06899	7K5X
P06899	7K5Y
P06899	7K60
P06899	7K61
P06899	7K63
P06899	7LYA
P06899	7LYB
P06899	7LYC
P06899	7NL0
P06899	7SCY
P06899	7SCZ
P16455	1EH6
P16455	1EH7
P16455	1EH8
P16455	1QNT
P16455	1T38
P16455	1T39
P16455	1YFH
Q9NR97	3W3G
Q9NR97	3W3J
Q9NR97	3W3K
Q9NR97	3W3L
Q9NR97	3W3M
Q9NR97	3W3N
Q9NR97	3WN4
Q9NR97	4QBZ
Q9NR97	4QC0
Q9NR97	4R07
Q9NR97	4R08
Q9NR97	4R09
Q9NR97	4R0A
Q9NR97	4R6A
Q9NR97	5AWA
Q9NR97	5AWB
Q9NR97	5AWC
Q9NR97	5AWD
Q9NR97	5AZ5
Q9NR97	5HDH
Q9NR97	5WYX
Q9NR97	5WYZ
Q9NR97	5Z14
Q9NR97	5Z15
Q9NR97	6KYA
Q9NR97	6TY5
Q9NR97	6V9U
Q9NR97	6WML
Q9NR97	6ZJZ
Q9NR97	7CRF
Q9NR97	7R52
Q9NR97	7R53
Q9NR97	7R54
Q8N0Z6	2XVS
Q8N0Z6	6T59
Q8N0Z6	7QWS
P28482	1PME
P28482	1TVO
P28482	1WZY
P28482	2OJG
P28482	2OJI
P28482	2OJJ
P28482	2Y9Q
P28482	3D42
P28482	3D44
P28482	3I5Z
P28482	3I60
P28482	3SA0
P28482	3TEI
P28482	3W55
P28482	4FMQ
P28482	4FUX
P28482	4FUY
P28482	4FV0
P28482	4FV1
P28482	4FV2
P28482	4FV3
P28482	4FV4
P28482	4FV5
P28482	4FV6
P28482	4FV7
P28482	4FV8
P28482	4FV9
P28482	4G6N
P28482	4G6O
P28482	4H3P
P28482	4H3Q
P28482	4IZ5
P28482	4IZ7
P28482	4IZA
P28482	4N0S
P28482	4NIF
P28482	4O6E
P28482	4QP1
P28482	4QP2
P28482	4QP3
P28482	4QP4
P28482	4QP6
P28482	4QP7
P28482	4QP8
P28482	4QP9
P28482	4QPA
P28482	4QTA
P28482	4QTE
P28482	4XJ0
P28482	4ZXT
P28482	4ZZM
P28482	4ZZN
P28482	4ZZO
P28482	5AX3
P28482	5BUE
P28482	5BUI
P28482	5BUJ
P28482	5BVD
P28482	5BVE
P28482	5BVF
P28482	5K4I
P28482	5LCJ
P28482	5LCK
P28482	5NGU
P28482	5NHF
P28482	5NHH
P28482	5NHJ
P28482	5NHL
P28482	5NHO
P28482	5NHP
P28482	5NHV
P28482	5V60
P28482	5V61
P28482	5V62
P28482	5WP1
P28482	6D5Y
P28482	6DMG
P28482	6G54
P28482	6G8X
P28482	6G91
P28482	6G92
P28482	6G93
P28482	6G97
P28482	6G9A
P28482	6G9D
P28482	6G9H
P28482	6G9J
P28482	6G9K
P28482	6G9M
P28482	6G9N
P28482	6GDM
P28482	6GDQ
P28482	6GE0
P28482	6GJB
P28482	6GJD
P28482	6NBS
P28482	6OPG
P28482	6OPH
P28482	6OPI
P28482	6Q7K
P28482	6Q7S
P28482	6Q7T
P28482	6QA1
P28482	6QA3
P28482	6QA4
P28482	6QAG
P28482	6QAH
P28482	6QAL
P28482	6QAQ
P28482	6QAW
P28482	6RQ4
P28482	6SLG
P28482	7AUV
P28482	7E73
P28482	7E75
P28482	7NQQ
P28482	7NQW
P28482	7NR3
P28482	7NR5
P28482	7NR8
P28482	7NR9
P28482	7OPM
P28482	7W5O
Q8IYH5	2FC7
Q8IYH5	2YUM
Q8IYH5	6E83
Q8IYH5	6E86
Q8TEK3	1NW3
Q8TEK3	2MV7
Q8TEK3	3QOW
Q8TEK3	3QOX
Q8TEK3	3SR4
Q8TEK3	3SX0
Q8TEK3	3UWP
Q8TEK3	4EK9
Q8TEK3	4EKG
Q8TEK3	4EKI
Q8TEK3	4EQZ
Q8TEK3	4ER0
Q8TEK3	4ER3
Q8TEK3	4ER5
Q8TEK3	4ER6
Q8TEK3	4ER7
Q8TEK3	4HRA
Q8TEK3	4WVL
Q8TEK3	5DRT
Q8TEK3	5DRY
Q8TEK3	5DSX
Q8TEK3	5DT2
Q8TEK3	5DTM
Q8TEK3	5DTQ
Q8TEK3	5DTR
Q8TEK3	5JUW
Q8TEK3	5MVS
Q8TEK3	5MW3
Q8TEK3	5MW4
Q8TEK3	6IN3
Q8TEK3	6J99
Q8TEK3	6JM9
Q8TEK3	6JMA
Q8TEK3	6JN2
Q8TEK3	6NJ9
Q8TEK3	6NN6
Q8TEK3	6NOG
Q8TEK3	6NQA
Q8TEK3	6O96
Q8TEK3	6TE6
Q8TEK3	6TEL
Q8TEK3	6TEN
Q8TEK3	7BWD
Q8TEK3	7EDP
Q8IYB8	3RC3
Q8IYB8	3RC8
Q8IYB3	1MP1
Q8IYB3	6FF4
Q8IYB3	6FF7
Q8IYB3	7ABG
Q8IYB3	7ABH
Q8IYB3	7ABI
Q8IYB3	7DVQ
Q15233	3SDE
Q15233	5IFM
Q15233	6WMZ
Q15233	7LRQ
Q15233	7LRU
Q15233	7PU5
Q9UPY3	2EB1
Q9UPY3	4NGB
Q9UPY3	4NGC
Q9UPY3	4NGD
Q9UPY3	4NGF
Q9UPY3	4NGG
Q9UPY3	4NH3
Q9UPY3	4NH5
Q9UPY3	4NH6
Q9UPY3	4NHA
Q9UPY3	4WYQ
Q9UPY3	5ZAK
Q9UPY3	5ZAL
Q9UPY3	5ZAM
Q86YC2	2W18
Q86YC2	3EU7
Q8IY92	4M7C
Q8IY92	4UYI
Q8IY92	4ZOU
Q8IY92	7BU5
O00327	4H10
Q8IY57	2D9G
A8MT69	4DRA
A8MT69	4DRB
A8MT69	4E44
A8MT69	4E45
A8MT69	4NDY
A8MT69	4NE1
A8MT69	4NE3
A8MT69	4NE5
A8MT69	4NE6
Q92731	1L2J
Q92731	1NDE
Q92731	1QKM
Q92731	1U3Q
Q92731	1U3R
Q92731	1U3S
Q92731	1U9E
Q92731	1X76
Q92731	1X78
Q92731	1X7B
Q92731	1X7J
Q92731	1YY4
Q92731	1YYE
Q92731	1ZAF
Q92731	2FSZ
Q92731	2GIU
Q92731	2I0G
Q92731	2JJ3
Q92731	2NV7
Q92731	2QTU
Q92731	2YJD
Q92731	2YLY
Q92731	2Z4B
Q92731	3OLL
Q92731	3OLS
Q92731	3OMO
Q92731	3OMP
Q92731	3OMQ
Q92731	4J24
Q92731	4J26
Q92731	4ZI1
Q92731	5TOA
Q8TE49	2L2D
Q8TDI0	6GUU
Q99459	2DIM
Q99459	2DIN
Q99459	5MQF
Q99459	5XJC
Q99459	5YZG
Q99459	5Z56
Q99459	5Z57
Q99459	5Z58
Q99459	6FF4
Q99459	6FF7
Q99459	6ICZ
Q99459	6ID0
Q99459	6ID1
Q99459	6QDV
Q99459	6ZYM
Q99459	7A5P
Q99459	7AAV
Q99459	7ABG
Q99459	7ABH
Q99459	7ABI
Q99459	7DVQ
P43354	1OVL
P43354	5Y41
P43354	5YD6
P43354	6DDA
P43354	6L6L
P43354	6L6Q
P43351	1H2I
P43351	1KN0
P43351	5JRB
P43351	5XRZ
P43351	5XS0
Q5TEC6	4H75
P11473	1DB1
P11473	1IE8
P11473	1IE9
P11473	1KB2
P11473	1KB4
P11473	1KB6
P11473	1S0Z
P11473	1S19
P11473	1TXI
P11473	1YNW
P11473	2HAM
P11473	2HAR
P11473	2HAS
P11473	2HB7
P11473	2HB8
P11473	3A2I
P11473	3A2J
P11473	3A3Z
P11473	3A40
P11473	3A78
P11473	3AUQ
P11473	3AUR
P11473	3AX8
P11473	3AZ1
P11473	3AZ2
P11473	3AZ3
P11473	3B0T
P11473	3CS4
P11473	3CS6
P11473	3KPZ
P11473	3M7R
P11473	3OGT
P11473	3P8X
P11473	3TKC
P11473	3VHW
P11473	3W0A
P11473	3W0C
P11473	3W0Y
P11473	3WGP
P11473	3WWR
P11473	3X31
P11473	3X36
P11473	4G2I
P11473	4ITE
P11473	4ITF
P11473	5GT4
P11473	5V39
P11473	5YSY
P11473	5YT2
Q92786	2LMD
Q92794	1M36
Q92794	2LN0
Q92794	2OZU
Q92794	2RC4
Q92794	3V43
Q92794	4LJN
Q92794	4LK9
Q92794	4LKA
Q92794	4LLB
Q92794	5B75
Q92794	5B76
Q92794	5B77
Q92794	5B78
Q92794	6LSB
P18146	4R2A
P18146	4R2C
P18146	4R2D
P18146	4X9J
P18146	5N14
Q05066	1HRY
Q05066	1HRZ
Q05066	1J46
Q05066	1J47
Q05066	2GZK
Q05066	6EDB
P18124	4UG0
P18124	4V6X
P18124	5AJ0
P18124	5LKS
P18124	5T2C
P18124	6IP5
P18124	6IP6
P18124	6IP8
P18124	6LQM
P18124	6LSR
P18124	6LSS
P18124	6LU8
P18124	6OLE
P18124	6OLF
P18124	6OLG
P18124	6OLI
P18124	6OLZ
P18124	6OM0
P18124	6OM7
P18124	6QZP
P18124	6W6L
P18124	6XA1
P18124	6Y0G
P18124	6Y2L
P18124	6Y57
P18124	6Y6X
P18124	6Z6L
P18124	6Z6M
P18124	6Z6N
P18124	6ZM7
P18124	6ZME
P18124	6ZMI
P18124	6ZMO
P18124	7BHP
P06401	1A28
P06401	1E3K
P06401	1SQN
P06401	1SR7
P06401	1ZUC
P06401	2C7A
P06401	2OVH
P06401	2OVM
P06401	2W8Y
P06401	3D90
P06401	3G8O
P06401	3HQ5
P06401	3KBA
P06401	3ZR7
P06401	3ZRA
P06401	3ZRB
P06401	4A2J
P06401	4APU
P06401	4OAR
P06401	5CC0
Q8TEA8	2OKV
P36956	1AM9
Q8IZU3	4CPC
Q92985	2O61
Q8WY91	3IA8
Q15788	1FM6
Q15788	1FM9
Q15788	1K4W
Q15788	1K74
Q15788	1K7L
Q15788	1KV6
Q15788	1N4H
Q15788	1NQ7
Q15788	1NRL
Q15788	1P8D
Q15788	1PZL
Q15788	1RDT
Q15788	1TFC
Q15788	1U3R
Q15788	1U3S
Q15788	1X76
Q15788	1X78
Q15788	1X7B
Q15788	1X7J
Q15788	1XIU
Q15788	1XV9
Q15788	1XVP
Q15788	1YY4
Q15788	1YYE
Q15788	1ZAF
Q15788	2A3I
Q15788	2C52
Q15788	2FVJ
Q15788	2GTK
Q15788	2HBH
Q15788	2HC4
Q15788	2HCD
Q15788	2HFP
Q15788	2NPA
Q15788	2NV7
Q15788	2P54
Q15788	2PRG
Q15788	3BEJ
Q15788	3BQD
Q15788	3CTB
Q15788	3CWD
Q15788	3DCT
Q15788	3DCU
Q15788	3DR1
Q15788	3ET1
Q15788	3ET3
Q15788	3FEI
Q15788	3FEJ
Q15788	3FUR
Q15788	3FXV
Q15788	3G8I
Q15788	3G9E
Q15788	3GYT
Q15788	3GYU
Q15788	3H0A
Q15788	3HC5
Q15788	3HC6
Q15788	3HVL
Q15788	3IPQ
Q15788	3IPS
Q15788	3IPU
Q15788	3KMR
Q15788	3LMP
Q15788	3OKH
Q15788	3OKI
Q15788	3OLF
Q15788	3OLL
Q15788	3OLS
Q15788	3OMK
Q15788	3OMM
Q15788	3OMO
Q15788	3OMP
Q15788	3OMQ
Q15788	3OOF
Q15788	3OOK
Q15788	3P88
Q15788	3P89
Q15788	3QT0
Q15788	3RUT
Q15788	3RUU
Q15788	3RVF
Q15788	3S9S
Q15788	3T03
Q15788	3UU7
Q15788	3UUA
Q15788	3UUD
Q15788	3V9Y
Q15788	3VN2
Q15788	4DK7
Q15788	4DK8
Q15788	4DM6
Q15788	4DM8
Q15788	4DQM
Q15788	4F9M
Q15788	4FGY
Q15788	4G1D
Q15788	4G1Y
Q15788	4G1Z
Q15788	4G20
Q15788	4G21
Q15788	4G2H
Q15788	4HEE
Q15788	4J5X
Q15788	4JYG
Q15788	4JYH
Q15788	4JYI
Q15788	4MG5
Q15788	4MG6
Q15788	4MG7
Q15788	4MG8
Q15788	4MG9
Q15788	4MGA
Q15788	4MGB
Q15788	4MGC
Q15788	4MGD
Q15788	4RUJ
Q15788	4RUP
Q15788	4TUZ
Q15788	4TV1
Q15788	4UDA
Q15788	4UDB
Q15788	4Y29
Q15788	5A86
Q15788	5AVI
Q15788	5AVL
Q15788	5AZT
Q15788	5DSH
Q15788	5DV3
Q15788	5DV6
Q15788	5DV8
Q15788	5DVC
Q15788	5DWL
Q15788	5E7V
Q15788	5GTN
Q15788	5GTO
Q15788	5GTP
Q15788	5HJS
Q15788	5JI0
Q15788	5JMM
Q15788	5L7E
Q15788	5L7G
Q15788	5L7H
Q15788	5MWP
Q15788	5MWY
Q15788	5MX7
Q15788	5NKY
Q15788	5NMA
Q15788	5NMB
Q15788	5NWM
Q15788	5OW7
Q15788	5OW9
Q15788	5OWD
Q15788	5Q0J
Q15788	5Q0K
Q15788	5Q0L
Q15788	5Q0M
Q15788	5Q0N
Q15788	5Q0O
Q15788	5Q0P
Q15788	5Q0Q
Q15788	5Q0R
Q15788	5Q0S
Q15788	5Q0T
Q15788	5Q0U
Q15788	5Q0V
Q15788	5Q0W
Q15788	5Q0X
Q15788	5Q0Y
Q15788	5Q0Z
Q15788	5Q10
Q15788	5Q11
Q15788	5Q12
Q15788	5Q13
Q15788	5Q14
Q15788	5Q15
Q15788	5Q16
Q15788	5Q18
Q15788	5Q19
Q15788	5Q1A
Q15788	5Q1B
Q15788	5Q1C
Q15788	5Q1D
Q15788	5Q1E
Q15788	5Q1F
Q15788	5Q1G
Q15788	5Q1H
Q15788	5Q1I
Q15788	5X0R
Q15788	5X8U
Q15788	5X8W
Q15788	5Y44
Q15788	5YCN
Q15788	5YCP
Q15788	5YP6
Q15788	6A5W
Q15788	6A5X
Q15788	6A5Y
Q15788	6A5Z
Q15788	6A60
Q15788	6BNS
Q15788	6E3G
Q15788	6FO7
Q15788	6FO8
Q15788	6FO9
Q15788	6FOB
Q15788	6FOD
Q15788	6GEV
Q15788	6GG8
Q15788	6HTY
Q15788	6ICJ
Q15788	6IJR
Q15788	6IJS
Q15788	6ILQ
Q15788	6ITM
Q15788	6JNR
Q15788	6JQ7
Q15788	6KTM
Q15788	6KTN
Q15788	6L6K
Q15788	6L96
Q15788	6NX1
Q15788	6P9F
Q15788	6SSQ
Q15788	6T2M
Q15788	6TFI
Q15788	6U25
Q15788	6W9H
Q15788	6W9I
Q15788	6XP9
Q15788	7AOS
Q15788	7B39
Q15788	7BNS
Q15788	7BNU
Q15788	7BO6
Q15788	7BPY
Q15788	7BPZ
Q15788	7BQ0
Q15788	7BQ1
Q15788	7BQ2
Q15788	7BQ3
Q15788	7BQ4
Q15788	7C6Q
Q15788	7CHG
Q15788	7CXF
Q15788	7CXH
Q15788	7CXI
Q15788	7CXJ
Q15788	7CXK
Q15788	7CXL
Q15788	7JYM
Q15788	7KXD
Q15788	7KXE
Q15788	7KXF
Q15788	7OXZ
Q15788	7OY4
Q8IZX4	3HMH
Q8IZX4	5IGL
P43694	2M9W
P51608	1QK9
P51608	3C2I
P51608	5BT2
P51608	6C1Y
P51608	6OGJ
P51608	6OGK
P51608	6YWW
O00268	1H3O
O00268	2P6V
O00268	6MZC
O00268	6MZD
O00268	6MZL
O00268	6MZM
O00268	7EDX
O00268	7EG7
O00268	7EG8
O00268	7EG9
O00268	7EGA
O00268	7EGB
O00268	7EGC
O00268	7EGD
O00268	7EGE
O00268	7EGF
O00268	7EGG
O00268	7EGI
O00268	7EGJ
O00268	7ENA
O00268	7ENC
Q13485	1DD1
Q13485	1G88
Q13485	1MR1
Q13485	1U7F
Q13485	1U7V
Q13485	1YGS
Q13485	5C4V
Q13485	5MEY
Q13485	5MEZ
Q13485	5MF0
Q13485	5UWU
Q13485	6YIC
O15516	4H10
O15516	6QPJ
Q13472	4CGY
Q13472	4CHT
Q13469	1A02
Q13469	1OWR
Q13469	1P7H
Q13469	1PZU
Q13469	1S9K
Q13469	2AS5
Q13469	2O93
Q13469	3QRF
Q13426	1FU1
Q13426	1IK9
Q13426	3II6
Q13426	3MUD
Q13426	3Q4F
Q13426	3RWR
Q13426	3SR2
Q13426	3W03
Q13426	4XA4
Q13426	5CHX
Q13426	5CJ0
Q13426	5CJ4
Q13426	5E50
Q13426	5WJ7
Q13426	5WLZ
Q13426	6ABO
Q13426	7LSY
Q13426	7LT3
Q13426	7M3P
Q13426	7NFC
Q13426	7NFE
Q13422	6H0F
Q9BWP8	4YLI
Q9BWP8	4YMD
Q03188	5LSJ
Q03188	5LSK
Q03188	6MUO
Q03188	6MUP
Q03188	6SE6
Q03188	6SEE
Q03188	6SEF
Q6PJG2	6Z2J
Q6PJG2	6Z2K
P61244	1AN2
P61244	1HLO
P61244	1NKP
P61244	1NLW
P61244	1R05
P61244	5EYO
P61244	6G6J
P61244	6G6K
P61244	6G6L
Q9HAJ7	2N1U
Q8TAF3	5CVL
Q8TAF3	5CVN
Q8TAF3	5CVO
Q8TAF3	5K1A
Q8TAF3	5K1B
Q8TAF3	5K1C
Q8TAF3	5L8E
Q8TAF3	5L8W
Q8TAF3	6JLQ
Q8TAF3	7AY0
Q8TAF3	7AY1
Q8TAF3	7AY2
Q03468	4CVO
Q03468	7OO3
Q03468	7OOB
Q03468	7OOP
Q03468	7OPC
Q03468	7OPD
Q2NKX8	5JNO
P18858	1X9N
P18858	5YY9
P18858	6P09
P18858	6P0A
P18858	6P0B
P18858	6P0C
P18858	6P0D
P18858	6P0E
P18858	6Q1V
P18858	7KR3
P18858	7KR4
P18858	7L34
P18858	7L35
P24928	2GHQ
P24928	2GHT
P24928	2LTO
P24928	3D9K
P24928	3D9L
P24928	3D9M
P24928	3D9N
P24928	3D9O
P24928	3D9P
P24928	4JXT
P24928	5IY6
P24928	5IY7
P24928	5IY8
P24928	5IY9
P24928	5IYA
P24928	5IYB
P24928	5IYC
P24928	5IYD
P24928	5M3H
P24928	5M3J
P24928	6DRD
P24928	6F5P
P24928	6G0R
P24928	6IC8
P24928	6IC9
P24928	6O9L
P24928	6Q5Y
P24928	6XKB
P24928	6XRE
P24928	7EGB
P24928	7EGC
P24928	7LBM
Q86U86	2KTB
Q86U86	3G0J
Q86U86	3HMF
Q86U86	3IU5
Q86U86	3IU6
Q86U86	3K2J
Q86U86	3LJW
Q86U86	3MB4
Q86U86	3TLP
Q86U86	4Q0N
Q86U86	4Q0O
Q86U86	4Y03
Q86U86	5E7D
Q86U86	5FH6
Q86U86	5FH7
Q86U86	5FH8
Q86U86	5HRV
Q86U86	5HRW
Q86U86	5HRX
Q86U86	5II1
Q86U86	5II2
Q86U86	5IID
Q86U86	6OXB
Q86U86	6ZN6
Q86U86	6ZNV
Q86U86	6ZS3
Q86U86	6ZS4
Q86U70	2XJY
Q86U70	2XJZ
Q86U70	2YPA
Q86U70	6TYD
Q8IWS0	4NN2
Q8IWS0	4R7A
Q9HD15	2MGX
Q9HD15	4NBO
Q8IX15	2ECC
Q8IX15	2YS9
Q8IX07	2XU7
P16104	1YDP
P16104	2AZM
P16104	2D31
P16104	2DYP
P16104	3SHV
P16104	3SQD
P16104	3SZM
P16104	3U3Z
P16104	6K1I
P16104	6K1J
P16104	6K1K
P16104	6ZWK
Q9HCK8	2CKA
Q9HCK8	2DL6
Q8TD26	2EPB
P51532	2GRC
P51532	2H60
P51532	3UVD
P51532	5DKD
P51532	5EA1
P51532	6BGH
P51532	6HR2
P51532	6LTH
P51532	6LTJ
P51532	6SY2
P51532	6ZS2
P51531	2DAT
P51531	4QY4
P51531	5DKC
P51531	5DKH
P51531	6EG2
P51531	6EG3
P51531	6HAX
P51531	6HAY
P51531	6HAZ
P51530	5EAY
P26367	2CUE
P26367	6PAX
P26358	3EPZ
P26358	3PTA
P26358	3SWR
P26358	4WXX
P26358	4YOC
P26358	4Z96
P26358	4Z97
P26358	5WVO
P26358	5YDR
P26358	6K3A
P26358	6L1F
P26358	6X9I
P26358	6X9J
P26358	6X9K
P26358	7SFC
P26358	7SFD
P26358	7SFE
P26358	7SFF
P26358	7SFG
P14921	1GVJ
P14921	2NNY
P14921	2STT
P14921	2STW
P14921	3MFK
P14921	3RI4
P14921	3WTS
P14921	3WTT
P14921	3WTU
P14921	3WTV
P14921	3WTW
P14921	3WTX
P14921	3WTY
P14921	3WTZ
P14921	3WU0
P14921	3WU1
P14921	4L0Y
P14921	4L0Z
P14921	4L18
P14921	4LG0
P14921	5ZMC
Q15047	3DLM
Q15047	4X3S
Q15047	5KCH
Q15047	5KCO
Q15047	5KE2
Q15047	5KE3
Q15047	5KH6
Q15047	5QT1
Q15047	5QT2
Q15047	6AU2
Q15047	6AU3
Q15047	6BHD
Q15047	6BHE
Q15047	6BHG
Q15047	6BHH
Q15047	6BHI
Q15047	6BPI
Q15047	7C9N
Q15047	7CAJ
Q15047	7CD9
Q15047	7CJT
P61218	1QKL
P61218	5IY6
P61218	5IY7
P61218	5IY8
P61218	5IY9
P61218	5IYA
P61218	5IYB
P61218	5IYC
P61218	5IYD
P61218	6DRD
P61218	6O9L
P61218	6XRE
P61218	7A6H
P61218	7AE1
P61218	7AE3
P61218	7AEA
P61218	7AST
P61218	7D58
P61218	7D59
P61218	7DN3
P61218	7DTH
P61218	7DU2
P61218	7FJI
P61218	7FJJ
P61218	7LBM
P61218	7OB9
P61218	7OBA
P61218	7OBB
P61218	7VBA
P61218	7VBB
P61218	7VBC
Q03112	6BW3
Q5T6S3	2E5Q
Q5T6S3	4BD3
Q5T6S3	6NQ3
Q5T6S3	6WAU
P04198	5G1X
P04179	1AP5
P04179	1AP6
P04179	1EM1
P04179	1JA8
P04179	1LUV
P04179	1LUW
P04179	1MSD
P04179	1N0J
P04179	1N0N
P04179	1PL4
P04179	1PM9
P04179	1QNM
P04179	1SZX
P04179	1VAR
P04179	1XDC
P04179	1XIL
P04179	1ZSP
P04179	1ZTE
P04179	1ZUQ
P04179	2ADP
P04179	2ADQ
P04179	2GDS
P04179	2P4K
P04179	2QKA
P04179	2QKC
P04179	3C3S
P04179	3C3T
P04179	5GXO
P04179	5T30
P04179	5VF9
P04179	7KKS
P04179	7KKU
P04179	7KKW
P04179	7KLB
Q13315	5NP0
Q13315	5NP1
Q13315	6HKA
Q13315	6K9K
Q13315	6K9L
Q13315	7NI4
Q13315	7NI5
Q13315	7NI6
Q13315	7SIC
Q13315	7SID
Q9BVW5	7PFO
Q9BVW5	7PLO
Q9NYA1	3VZB
Q9NYA1	3VZC
Q9NYA1	3VZD
Q9NYA1	4L02
Q9NYA1	4V24
Q96T68	5TFP
P09651	1HA1
P09651	1L3K
P09651	1PGZ
P09651	1PO6
P09651	1U1K
P09651	1U1L
P09651	1U1M
P09651	1U1N
P09651	1U1O
P09651	1U1P
P09651	1U1Q
P09651	1U1R
P09651	1UP1
P09651	2H4M
P09651	2LYV
P09651	2UP1
P09651	4YOE
P09651	5MPG
P09651	5MPL
P09651	5ZGD
P09651	5ZGL
P09651	6BXX
P09651	6DCL
P09651	6J60
P09651	7BX7
Q9BYX4	2RQB
Q9BYX4	3B6E
Q9BYX4	3GA3
Q9BYX4	4GL2
Q9BYX4	7DNI
Q9BYX4	7DNJ
Q9BYX4	7JL0
Q9BYX4	7JL2
Q13609	7KIU
P14653	1B72
Q86TG7	7LGA
O14646	2B2T
O14646	2B2U
O14646	2B2V
O14646	2B2W
O14646	2B2Y
O14646	2N39
O14646	4B4C
O14646	4NW2
O14646	4O42
O14646	5AFW
P24855	4AWN
P68431	1CS9
P68431	1CT6
P68431	1O9S
P68431	1Q3L
P68431	2B2T
P68431	2B2U
P68431	2B2V
P68431	2B2W
P68431	2C1J
P68431	2C1N
P68431	2CO0
P68431	2CV5
P68431	2FSA
P68431	2KWJ
P68431	2KWK
P68431	2L75
P68431	2LBM
P68431	2LGG
P68431	2M0O
P68431	2NDF
P68431	2NDG
P68431	2OQ6
P68431	2OT7
P68431	2OX0
P68431	2RI7
P68431	2RR4
P68431	2UXN
P68431	2V85
P68431	2V89
P68431	2VNF
P68431	2VPG
P68431	2X0L
P68431	3A1B
P68431	3AFA
P68431	3AVR
P68431	3AYW
P68431	3AZE
P68431	3AZF
P68431	3AZG
P68431	3AZH
P68431	3AZI
P68431	3AZJ
P68431	3AZK
P68431	3AZL
P68431	3AZM
P68431	3AZN
P68431	3B95
P68431	3FDT
P68431	3KMT
P68431	3KQI
P68431	3LQI
P68431	3LQJ
P68431	3MP1
P68431	3O34
P68431	3O35
P68431	3O37
P68431	3QJ6
P68431	3RIG
P68431	3RIY
P68431	3SOU
P68431	3SOW
P68431	3U31
P68431	3U3D
P68431	3U4S
P68431	3U5N
P68431	3U5O
P68431	3U5P
P68431	3UEE
P68431	3UEF
P68431	3UIG
P68431	3UII
P68431	3UIK
P68431	3V43
P68431	3W96
P68431	3W97
P68431	3W98
P68431	3W99
P68431	3WA9
P68431	3WAA
P68431	3WKJ
P68431	3X1S
P68431	3X1T
P68431	3X1U
P68431	3X1V
P68431	3ZG6
P68431	3ZVY
P68431	4A0J
P68431	4A0N
P68431	4A7J
P68431	4BD3
P68431	4C1Q
P68431	4F4U
P68431	4F56
P68431	4FWF
P68431	4HON
P68431	4I51
P68431	4L7X
P68431	4LK9
P68431	4LKA
P68431	4LLB
P68431	4LXL
P68431	4N4H
P68431	4QBQ
P68431	4QBR
P68431	4QBS
P68431	4TN7
P68431	4U68
P68431	4UP0
P68431	4UY4
P68431	4X3K
P68431	4Y6L
P68431	4YHP
P68431	4YHZ
P68431	4YM5
P68431	4YM6
P68431	4Z0R
P68431	4Z2M
P68431	5AV5
P68431	5AV6
P68431	5AV8
P68431	5AV9
P68431	5AVB
P68431	5AVC
P68431	5B24
P68431	5B2I
P68431	5B2J
P68431	5B31
P68431	5C11
P68431	5C13
P68431	5C3I
P68431	5CPI
P68431	5CPJ
P68431	5CPK
P68431	5D6Y
P68431	5DAH
P68431	5FB0
P68431	5FB1
P68431	5FFV
P68431	5GH9
P68431	5GSE
P68431	5GSU
P68431	5GT0
P68431	5GT3
P68431	5GTC
P68431	5H6Q
P68431	5H6R
P68431	5HJB
P68431	5HJC
P68431	5HJD
P68431	5HYN
P68431	5IQL
P68431	5J3V
P68431	5J9S
P68431	5JHN
P68431	5JIN
P68431	5JIY
P68431	5JJ0
P68431	5JRG
P68431	5KJH
P68431	5KJI
P68431	5KKL
P68431	5LUG
P68431	5M5G
P68431	5MR8
P68431	5NNC
P68431	5NND
P68431	5OY3
P68431	5SVX
P68431	5SVY
P68431	5SZB
P68431	5SZC
P68431	5T0K
P68431	5T0M
P68431	5T1G
P68431	5T1I
P68431	5T8R
P68431	5TBN
P68431	5TDR
P68431	5TDW
P68431	5U2J
P68431	5V21
P68431	5V22
P68431	5VA6
P68431	5VAB
P68431	5VGE
P68431	5VNB
P68431	5WFC
P68431	5WLE
P68431	5WVO
P68431	5WXG
P68431	5WXH
P68431	5WYI
P68431	5X60
P68431	5XF3
P68431	5XF4
P68431	5XF5
P68431	5XFQ
P68431	5XFR
P68431	5XNV
P68431	5XTZ
P68431	5Y0C
P68431	5Y0D
P68431	5Y20
P68431	5Y2F
P68431	5Z23
P68431	5Z30
P68431	6AXJ
P68431	6AZE
P68431	6BHD
P68431	6BHE
P68431	6BHG
P68431	6BHH
P68431	6BHI
P68431	6D07
P68431	6D08
P68431	6E83
P68431	6E86
P68431	6F6D
P68431	6HKT
P68431	6HTS
P68431	6IEU
P68431	6IIS
P68431	6IIT
P68431	6IPU
P68431	6IQ4
P68431	6JOU
P68431	6JR0
P68431	6JR1
P68431	6JXD
P68431	6K1I
P68431	6K1J
P68431	6K1K
P68431	6KE9
P68431	6KVD
P68431	6L49
P68431	6L4A
P68431	6L9H
P68431	6L9Z
P68431	6LA2
P68431	6LA8
P68431	6LA9
P68431	6LAB
P68431	6LE9
P68431	6LER
P68431	6LS6
P68431	6LSD
P68431	6M3V
P68431	6M44
P68431	6M4D
P68431	6M4G
P68431	6M4H
P68431	6MIL
P68431	6MIM
P68431	6MIN
P68431	6MIO
P68431	6MIQ
P68431	6PA1
P68431	6PAG
P68431	6R8Y
P68431	6R8Z
P68431	6R90
P68431	6R91
P68431	6R92
P68431	6R93
P68431	6R94
P68431	6T90
P68431	6T93
P68431	6UPK
P68431	6UPL
P68431	6USJ
P68431	6V2H
P68431	6V2K
P68431	6V3N
P68431	6V41
P68431	6V92
P68431	6VIL
P68431	6WAV
P68431	6WW4
P68431	6YIF
P68431	6YIH
P68431	6YOV
P68431	7BWD
P68431	7C0M
P68431	7CCQ
P68431	7CCR
P68431	7CFP
P68431	7CFQ
P68431	7COW
P68431	7D1Z
P68431	7DBP
P68431	7E8D
P68431	7K5X
P68431	7K5Y
P68431	7K60
P68431	7K61
P68431	7K63
P68431	7KLR
P68431	7LBK
P68431	7LBO
P68431	7LBP
P68431	7LBQ
P68431	7LYA
P68431	7LYB
P68431	7LYC
P68431	7MJU
P68431	7NL0
P68431	7SCY
P68431	7SCZ
P68431	7V6Q
P41229	2JRZ
P41229	5FWJ
P04637	1A1U
P04637	1AIE
P04637	1C26
P04637	1DT7
P04637	1GZH
P04637	1H26
P04637	1HS5
P04637	1JSP
P04637	1KZY
P04637	1MA3
P04637	1OLG
P04637	1OLH
P04637	1PES
P04637	1PET
P04637	1SAE
P04637	1SAF
P04637	1SAK
P04637	1SAL
P04637	1TSR
P04637	1TUP
P04637	1UOL
P04637	1XQH
P04637	1YC5
P04637	1YCQ
P04637	1YCR
P04637	1YCS
P04637	2AC0
P04637	2ADY
P04637	2AHI
P04637	2ATA
P04637	2B3G
P04637	2BIM
P04637	2BIN
P04637	2BIO
P04637	2BIP
P04637	2BIQ
P04637	2F1X
P04637	2FEJ
P04637	2FOJ
P04637	2FOO
P04637	2GS0
P04637	2H1L
P04637	2H2D
P04637	2H2F
P04637	2H4F
P04637	2H4H
P04637	2H4J
P04637	2H59
P04637	2J0Z
P04637	2J10
P04637	2J11
P04637	2J1W
P04637	2J1X
P04637	2J1Y
P04637	2J1Z
P04637	2J20
P04637	2J21
P04637	2K8F
P04637	2L14
P04637	2LY4
P04637	2MEJ
P04637	2MWO
P04637	2MWP
P04637	2MWY
P04637	2MZD
P04637	2OCJ
P04637	2PCX
P04637	2RUK
P04637	2VUK
P04637	2WGX
P04637	2X0U
P04637	2X0V
P04637	2X0W
P04637	2XWR
P04637	2YBG
P04637	2YDR
P04637	2Z5S
P04637	2Z5T
P04637	3D05
P04637	3D06
P04637	3D07
P04637	3D08
P04637	3D09
P04637	3D0A
P04637	3DAB
P04637	3DAC
P04637	3IGK
P04637	3IGL
P04637	3KMD
P04637	3KZ8
P04637	3LW1
P04637	3OQ5
P04637	3PDH
P04637	3Q01
P04637	3Q05
P04637	3Q06
P04637	3SAK
P04637	3TG5
P04637	3TS8
P04637	3ZME
P04637	4AGL
P04637	4AGM
P04637	4AGN
P04637	4AGO
P04637	4AGP
P04637	4AGQ
P04637	4BUZ
P04637	4BV2
P04637	4HFZ
P04637	4HJE
P04637	4IBQ
P04637	4IBS
P04637	4IBT
P04637	4IBU
P04637	4IBV
P04637	4IBW
P04637	4IBY
P04637	4IBZ
P04637	4IJT
P04637	4KVP
P04637	4LO9
P04637	4LOE
P04637	4LOF
P04637	4MZI
P04637	4MZR
P04637	4QO1
P04637	4RP6
P04637	4RP7
P04637	4X34
P04637	4XR8
P04637	4ZZJ
P04637	5A7B
P04637	5AB9
P04637	5ABA
P04637	5AOI
P04637	5AOJ
P04637	5AOK
P04637	5AOL
P04637	5AOM
P04637	5BUA
P04637	5ECG
P04637	5G4M
P04637	5G4N
P04637	5G4O
P04637	5HOU
P04637	5HP0
P04637	5HPD
P04637	5LAP
P04637	5LGY
P04637	5MCT
P04637	5MCU
P04637	5MCV
P04637	5MCW
P04637	5MF7
P04637	5MG7
P04637	5MHC
P04637	5MOC
P04637	5O1A
P04637	5O1B
P04637	5O1C
P04637	5O1D
P04637	5O1E
P04637	5O1F
P04637	5O1G
P04637	5O1H
P04637	5O1I
P04637	5OL0
P04637	5UN8
P04637	5XZC
P04637	6FF9
P04637	6FJ5
P04637	6GGA
P04637	6GGB
P04637	6GGC
P04637	6GGD
P04637	6GGE
P04637	6GGF
P04637	6LHD
P04637	6R5L
P04637	6RJZ
P04637	6RK8
P04637	6RKI
P04637	6RKK
P04637	6RKM
P04637	6RL3
P04637	6RL4
P04637	6RL6
P04637	6RM5
P04637	6RM7
P04637	6RWH
P04637	6RWI
P04637	6RWS
P04637	6RWU
P04637	6RX2
P04637	6RZ3
P04637	6S39
P04637	6S3C
P04637	6S40
P04637	6S9Q
P04637	6SHZ
P04637	6SI0
P04637	6SI1
P04637	6SI2
P04637	6SI3
P04637	6SI4
P04637	6SIN
P04637	6SIO
P04637	6SIP
P04637	6SIQ
P04637	6SL6
P04637	6SLV
P04637	6T58
P04637	6V4F
P04637	6V4H
P04637	6VQO
P04637	6VR1
P04637	6VR5
P04637	6VRM
P04637	6VRN
P04637	6W51
P04637	6XRE
P04637	6ZNC
P04637	7B46
P04637	7B47
P04637	7B48
P04637	7B49
P04637	7B4A
P04637	7B4B
P04637	7B4C
P04637	7B4D
P04637	7B4E
P04637	7B4F
P04637	7B4G
P04637	7B4H
P04637	7B4N
P04637	7BWN
P04637	7DHY
P04637	7DHZ
P04637	7DVD
P04637	7EAX
P04637	7EL4
P04637	7NMI
P04637	7RM4
Q92547	1WF6
Q92547	2XNH
Q92547	2XNK
Q92547	3AL2
Q92547	3AL3
Q92547	3JVE
Q92547	3OLC
Q92547	3PD7
Q92547	3UEN
Q92547	3UEO
Q92547	6RML
Q92547	6RMM
Q92547	7CMZ
Q9BVI0	2LDM
Q9BVI0	3P8D
Q9BVI0	3Q1J
Q9BVI0	3QII
Q9BVI0	3SD4
Q9BVI0	5TAB
Q9BVI0	5TBN
Q13285	1YOW
Q13285	1ZDT
Q13285	4QJR
Q13285	4QK4
Q13285	7KHT
Q13283	3Q90
Q13283	4FCJ
Q13283	4FCM
Q13283	4IIA
Q13283	5FW5
Q13283	6TA7
Q13283	7SUO
Q68D10	5BS7
Q68D10	5BSA
Q96SI9	2DMY
P04053	2COE
P04053	5W4E
Q13263	1FP0
Q13263	2RO1
Q13263	2YVR
Q13263	6H3A
Q13263	6I9H
Q13263	6QAJ
Q13263	6QU1
Q01860	6T90
Q01860	6YOV
P78364	2L8E
P78347	2D9B
P78347	2DN4
P78347	2ED2
P78347	2EJE
Q9BY66	2E6R
Q9BY66	2YQE
P78317	2EA6
P78317	2XEU
P78317	4PPE
Q9BXP5	5OO6
Q9BXP5	6F7J
Q9BXP5	6F7P
Q9BXP5	6F7S
Q9BXP5	6F8D
P09884	1K0P
P09884	1K18
P09884	1N5G
P09884	4Q5V
P09884	4QCL
P09884	4Y97
P09884	5EXR
P09884	5IUD
P09884	6AS7
P09884	7OPL
P09874	1UK0
P09874	1UK1
P09874	1WOK
P09874	2COK
P09874	2CR9
P09874	2CS2
P09874	2DMJ
P09874	2JVN
P09874	2L30
P09874	2L31
P09874	2N8A
P09874	2RCW
P09874	2RD6
P09874	2RIQ
P09874	3GJW
P09874	3GN7
P09874	3L3L
P09874	3L3M
P09874	3OD8
P09874	3ODA
P09874	3ODC
P09874	3ODE
P09874	4AV1
P09874	4DQY
P09874	4GV7
P09874	4HHY
P09874	4HHZ
P09874	4L6S
P09874	4OPX
P09874	4OQA
P09874	4OQB
P09874	4PJT
P09874	4R5W
P09874	4R6E
P09874	4RV6
P09874	4UND
P09874	4UXB
P09874	4XHU
P09874	4ZZZ
P09874	5A00
P09874	5DS3
P09874	5HA9
P09874	5KPN
P09874	5KPO
P09874	5KPP
P09874	5KPQ
P09874	5WRQ
P09874	5WRY
P09874	5WRZ
P09874	5WS0
P09874	5WS1
P09874	5WTC
P09874	5XSR
P09874	5XST
P09874	5XSU
P09874	6BHV
P09874	6GHK
P09874	6M3I
P09874	6NRF
P09874	6NRG
P09874	6NRH
P09874	6NRI
P09874	6NRJ
P09874	6NTU
P09874	6VKK
P09874	6VKO
P09874	6VKQ
P09874	6XVW
P09874	7AAA
P09874	7AAB
P09874	7AAC
P09874	7AAD
P09874	7CMW
P09874	7KK2
P09874	7KK3
P09874	7KK4
P09874	7KK5
P09874	7KK6
P09874	7ONR
P09874	7ONS
P09874	7ONT
P09874	7SCY
P09874	7SCZ
Q5T890	6HQ9
Q8IVI9	2YUN
Q9HBE1	2EPP
Q9HBE1	2EPQ
Q9HBE1	2EPR
Q9HBE1	2EPS
Q9HBE1	2YT9
P14859	1CQT
P14859	1E3O
P14859	1GT0
P14859	1HF0
P14859	1O4X
P14859	1OCT
P14859	1POG
P14859	1POU
P41161	4UNO
P41161	5ILV
P41159	1AX8
Q92499	4XW3
Q9Y618	1KKQ
Q9Y618	1R2B
Q9Y618	1XC5
Q9Y618	2GPV
Q9Y618	2L5G
Q9Y618	2LTP
Q9Y618	2ODD
Q9Y618	2RT5
Q9Y618	3R29
Q9Y618	3R2A
Q9Y618	4A69
Q9Y618	4OAR
Q9Y618	5X8Q
Q9Y618	5X8X
Q9Y618	5ZOO
Q9Y618	5ZOP
Q9Y618	6A22
Q9Y618	6IVX
Q9Y618	6PDZ
P38398	1JM7
P38398	1JNX
P38398	1N5O
P38398	1OQA
P38398	1T15
P38398	1T29
P38398	1T2U
P38398	1T2V
P38398	1Y98
P38398	2ING
P38398	3COJ
P38398	3K0H
P38398	3K0K
P38398	3K15
P38398	3K16
P38398	3PXA
P38398	3PXB
P38398	3PXC
P38398	3PXD
P38398	3PXE
P38398	4IFI
P38398	4IGK
P38398	4JLU
P38398	4OFB
P38398	4U4A
P38398	4Y18
P38398	4Y2G
P38398	6G2I
P38398	7JZV
P38398	7LYB
Q71UI9	3WAA
Q71UI9	6M4D
Q15648	1RJK
Q15648	1RK3
Q15648	1RKG
Q15648	1RKH
Q15648	2O4J
Q15648	2O4R
Q15648	2ZFX
Q15648	3A2H
Q15648	3AUN
Q15648	3VJS
Q15648	3VJT
Q15648	3VRT
Q15648	3VRU
Q15648	3VRV
Q15648	3VRW
Q15648	3W0G
Q15648	3W0H
Q15648	3W0I
Q15648	3W0J
Q15648	3W5P
Q15648	3W5Q
Q15648	3W5R
Q15648	3W5T
Q15648	3WT5
Q15648	3WT6
Q15648	3WT7
Q15648	3WTQ
Q15648	4YNK
Q15648	5AWJ
Q15648	5AWK
Q15648	5B41
Q15648	5B5B
Q15648	5GIC
Q15648	5GID
Q15648	5GIE
Q15648	5XPM
Q15648	5XPN
Q15648	5XPO
Q15648	5XPP
Q15648	5XUQ
Q15648	5XZF
Q15648	5XZH
Q15648	5ZWE
Q15648	5ZWF
Q15648	5ZWH
Q15648	5ZWI
Q15648	6D94
Q15648	6JEZ
Q15648	6K5O
Q15648	6ONJ
Q15648	7C7V
Q15648	7C7W
Q15648	7EMF
Q15648	7ENA
Q15648	7ENC
Q15648	7ENJ
Q15648	7VQP
Q15646	1WH3
Q15646	4XQ7
Q15631	1J1J
Q15631	3PJA
Q15631	3QB5
Q15631	4WYV
Q53H47	3BO5
Q53H47	3F2K
Q53H47	3K9J
Q53H47	3K9K
Q13569	1WYW
Q13569	2D07
Q13569	2RBA
Q13569	3UFJ
Q13569	3UO7
Q13569	3UOB
Q13569	4FNC
Q13569	4JGC
Q13569	4XEG
Q13569	4Z3A
Q13569	4Z47
Q13569	4Z7B
Q13569	4Z7Z
Q13569	5CYS
Q13569	5FF8
Q13569	5HF7
Q13569	5JXY
Q13569	5T2W
Q13569	6U15
Q13569	6U16
Q13569	6U17
P09012	1AUD
P09012	1DRZ
P09012	1DZ5
P09012	1FHT
P09012	1M5K
P09012	1M5O
P09012	1M5P
P09012	1M5V
P09012	1NU4
P09012	1OIA
P09012	1SJ3
P09012	1SJ4
P09012	1SJF
P09012	1U6B
P09012	1URN
P09012	1VBX
P09012	1VBY
P09012	1VBZ
P09012	1VC0
P09012	1VC5
P09012	1VC6
P09012	1ZZN
P09012	2A3J
P09012	2NZ4
P09012	2OIH
P09012	2OJ3
P09012	2U1A
P09012	3BO2
P09012	3BO3
P09012	3BO4
P09012	3CUL
P09012	3CUN
P09012	3EGZ
P09012	3G8S
P09012	3G8T
P09012	3G96
P09012	3G9C
P09012	3HHN
P09012	3IIN
P09012	3IRW
P09012	3IWN
P09012	3K0J
P09012	3L3C
P09012	3MUM
P09012	3MUR
P09012	3MUT
P09012	3MUV
P09012	3MXH
P09012	3P49
P09012	3PGW
P09012	3R1H
P09012	3R1L
P09012	3UCU
P09012	3UCZ
P09012	3UD3
P09012	3UD4
P09012	4C4W
P09012	4PR6
P09012	4PRF
P09012	4W90
P09012	4W92
P09012	4YB1
P09012	5DDO
P09012	5DDP
P09012	5DDQ
P09012	5DDR
P09012	5FJ4
P09012	6LAS
P09012	6LAU
P09012	6LAX
P09012	6LAZ
P09012	6QX9
P09012	6SQN
P09012	6SQQ
P09012	6SQT
P09012	6SQV
P09012	6SR7
P09012	6XH0
P09012	6XH1
P09012	6XH2
P09012	6XH3
P09012	7AEP
P09012	7B0Y
P09012	7D7V
P09012	7DLZ
P09012	7DWH
P09012	7LHX
Q9H790	7LW7
Q9H790	7LW8
Q9H790	7LW9
Q9H790	7LWA
Q14181	2KEB
Q14181	4E2I
Q14181	4Y97
Q14181	5EXR
Q14181	7OPL
P39748	1U7B
P39748	1UL1
P39748	3Q8K
P39748	3Q8L
P39748	3Q8M
P39748	3UVU
P39748	5E0V
P39748	5FV7
P39748	5K97
P39748	5KSE
P39748	5UM9
P39748	5ZOD
P39748	5ZOE
P39748	5ZOF
P39748	5ZOG
P39748	6TNZ
Q96ME7	2CTD
P49959	3T1I
Q6ZN18	5WAI
Q6ZN18	5Y0U
Q6ZN18	5Y1U
Q6ZN18	6C23
Q6ZN18	6C24
Q6ZN18	6WKR
Q6ZN18	7KSO
P49917	1IK9
P49917	2E2W
P49917	3II6
P49917	3VNN
P49917	3W1B
P49917	3W1G
P49917	3W5O
P49917	4HTO
P49917	4HTP
P49917	6BKF
P49917	6BKG
P49917	7D9K
P49917	7D9Y
P49917	7LSY
P49917	7LT3
P49917	7NFC
P49917	7NFE
Q06787	2BKD
Q06787	2FMR
Q06787	2LA5
Q06787	2QND
Q06787	4OVA
Q06787	4QVZ
Q06787	4QW2
Q06787	5DE5
Q06787	5DE8
Q06787	5DEA
Q06787	5UWJ
Q06787	5UWO
Q06710	2K27
Q96JM2	1X6F
Q9NP87	2DUN
Q9NP87	2HTF
Q9NP87	4LZD
Q9NP87	4LZG
Q9NP87	4M04
Q9NP87	4M0A
Q9NP87	4YCX
Q9NP87	4YD1
Q9NP87	4YD2
Q9NP87	5TWP
Q9NP87	5TWQ
Q9NP87	5TWR
Q9NP87	5TWS
Q9NP87	5TXX
Q9NP87	5TXZ
Q9NP87	5TYB
Q9NP87	5TYC
Q9NP87	5TYD
Q9NP87	5TYE
Q9NP87	5TYF
Q9NP87	5TYG
Q9NP87	5TYU
Q9NP87	5TYV
Q9NP87	5TYW
Q9NP87	5TYX
Q9NP87	5TYY
Q9NP87	5TYZ
Q9NP87	5VZ7
Q9NP87	5VZ8
Q9NP87	5VZ9
Q9NP87	5VZA
Q9NP87	5VZB
Q9NP87	5VZC
Q9NP87	5VZD
Q9NP87	5VZE
Q9NP87	5VZF
Q9NP87	5VZG
Q9NP87	5VZH
Q9NP87	5VZI
Q9NP87	5W4F
Q9NP87	5ZLC
Q9NP87	6AEC
Q9NP87	6AEH
Q9NP87	6AK5
Q9NP87	6AK6
Q9NP87	6AK8
Q9NP87	6AK9
Q9NP87	6AKH
Q9NP87	6IPD
Q9NP87	6IPE
Q9NP87	6IPF
Q9NP87	6IPG
Q9NP87	6IPH
Q9NP87	6IPI
Q9NP87	6IPJ
Q9NP87	6IPK
Q9NP87	6IPL
Q9NP87	6IPM
Q9NP87	6IPN
Q9NP87	6P1M
Q9NP87	6P1N
Q9NP87	6P1O
Q9NP87	6P1P
Q9NP87	6P1Q
Q9NP87	6P1R
Q9NP87	6P1S
Q9NP87	6P1T
Q9NP87	6P1U
Q9NP87	6P1V
Q9NP87	6P1W
Q9NP87	6VEZ
Q9NP87	6VF0
Q9NP87	6VF1
Q9NP87	6VF2
Q9NP87	6VF3
Q9NP87	6VF4
Q9NP87	6VF5
Q9NP87	6VF6
Q9NP87	6VF7
Q9NP87	6VF8
Q9NP87	6VF9
Q9NP87	6VFA
Q9NP87	6VFB
Q9NP87	6VFC
Q9NP87	6WIC
Q9NP87	6WID
Q9NP87	6WIE
Q9NP87	7CO6
Q9NP87	7CO8
Q9NP87	7CO9
Q9NP87	7COA
Q9NP87	7COB
Q9NP87	7COC
Q9NP87	7COD
Q9NP87	7KST
Q9NP87	7KSU
Q9NP87	7KSV
Q9NP87	7KSW
Q9NP87	7KSX
Q9NP87	7KSY
Q9NP87	7KSZ
Q9NP87	7KT0
Q9NP87	7KT1
Q9NP87	7KT2
Q9NP87	7KT3
Q9NP87	7KT4
Q9NP87	7KT5
Q9NP87	7KT6
Q9NP87	7KT7
Q9NP87	7KT8
Q9NP87	7KT9
Q9NP87	7KTA
Q9NP87	7KTE
Q9NP87	7KTF
Q9NP87	7KTG
Q9NP87	7KTN
Q96RL1	2MKF
Q96RL1	2MKG
Q96RL1	2N9E
Q96RL1	2RR9
Q9GZS1	7OB9
Q9GZS1	7OBA
Q9GZS1	7OBB
Q9GZS1	7VBA
Q9GZS1	7VBB
Q9GZS1	7VBC
Q9H9S0	2KT0
Q9H9S0	4RBO
Q01543	1FLI
Q01543	1X66
Q01543	2YTU
Q01543	5E8G
Q01543	5E8I
Q01543	5JVT
Q01543	6VG2
Q01543	6VG8
Q01543	6VGD
Q08211	3LLM
Q08211	3VYX
Q08211	3VYY
Q96T58	1OW1
Q96T58	2RT5
Q96T58	4P6Q
Q9H8U3	1X4W
Q9NTW7	1X5W
Q9NTW7	2DMD
P98177	1E17
P98177	3L2C
P0DPB6	7A6H
P0DPB6	7AE1
P0DPB6	7AE3
P0DPB6	7AEA
P0DPB6	7AST
P0DPB6	7D58
P0DPB6	7D59
P0DPB6	7DN3
P0DPB6	7DU2
P0DPB6	7FJI
P0DPB6	7FJJ
P0DPB6	7OB9
P0DPB6	7OBA
P0DPB6	7OBB
P0DPB6	7VBA
P0DPB6	7VBB
P0DPB6	7VBC
Q9NQV6	3IHX
Q01105	2E50
Q01105	7MTO
Q96AY2	2ZIU
Q96AY2	2ZIV
Q96AY2	2ZIW
Q96AY2	2ZIX
Q96AY2	4P0P
Q96AY2	4P0Q
Q96AY2	4P0R
Q96AY2	4P0S
P49848	5FUR
P49848	6F3T
P49848	6MZC
P49848	6MZD
P49848	6MZL
P49848	6MZM
P49848	7EDX
P49848	7EG7
P49848	7EG8
P49848	7EG9
P49848	7EGA
P49848	7EGB
P49848	7EGC
P49848	7EGD
P49848	7EGE
P49848	7EGF
P49848	7EGG
P49848	7EGH
P49848	7EGI
P49848	7EGJ
P49848	7ENA
P49848	7ENC
O60281	1X3C
P29374	2LCC
P29374	2MAM
P29374	2YRV
P29374	6BPH
P29374	6L87
O60264	6NE3
Q92466	3EI4
Q92466	3I7L
Q92466	4E54
Q92466	4E5Z
Q92466	6R8Y
Q92466	6R8Z
Q92466	6R90
Q92466	6R91
Q92466	6R92
P19447	4ERN
P19447	5IVW
P19447	5IY6
P19447	5IY7
P19447	5IY8
P19447	5IY9
P19447	5OF4
P19447	6NMI
P19447	6O9L
P19447	6O9M
P19447	6RO4
P19447	7AD8
P19447	7EGB
P19447	7EGC
P19447	7ENA
P19447	7ENC
P19447	7LBM
P19447	7NVR
P19447	7NVV
P19447	7NVW
P19447	7NVX
P19447	7NVY
P19447	7NVZ
P19447	7NW0
P29692	2MVM
P29692	2MVN
P29692	2N51
P29692	5JPO
Q9BR39	7RXE
Q9BR39	7RXQ
O60563	2PK2
O60563	3BLH
O60563	3BLQ
O60563	3BLR
O60563	3LQ5
O60563	3MI9
O60563	3MIA
O60563	3MY1
O60563	3TN8
O60563	3TNH
O60563	3TNI
O60563	4BCF
O60563	4BCG
O60563	4BCH
O60563	4BCI
O60563	4BCJ
O60563	4EC8
O60563	4EC9
O60563	4IMY
O60563	4OGR
O60563	4OR5
O60563	5L1Z
O60563	6CYT
O60563	6GZH
O60563	6W9E
O60563	6Z45
O60563	7NWK
Q17R98	5XXQ
Q71DI3	2IIJ
Q71DI3	2X4W
Q71DI3	2X4X
Q71DI3	2X4Y
Q71DI3	3AV1
Q71DI3	3DB3
Q71DI3	3MO8
Q71DI3	3QO2
Q71DI3	3R93
Q71DI3	4MZF
Q71DI3	4MZG
Q71DI3	4MZH
Q71DI3	4OUC
Q71DI3	5B0Y
Q71DI3	5B0Z
Q71DI3	5B40
Q71DI3	5BO0
Q71DI3	5CIU
Q71DI3	5VAC
Q71DI3	6ACE
Q71DI3	6FML
Q71DI3	6T79
Q71DI3	6T7A
Q71DI3	6T7B
Q71DI3	6T7C
Q71DI3	6T7D
Q71DI3	6X59
Q71DI3	6X5A
Q71DI3	6XJD
Q71DI3	6Y5D
Q71DI3	6Y5E
Q71DI3	7BQZ
Q71DI3	7BU9
Q71DI3	7JO9
Q71DI3	7JOA
Q71DI3	7JZV
P19388	5IY6
P19388	5IY7
P19388	5IY8
P19388	5IY9
P19388	5IYA
P19388	5IYB
P19388	5IYC
P19388	5IYD
P19388	6DRD
P19388	6O9L
P19388	6XRE
P19388	7A6H
P19388	7AE1
P19388	7AE3
P19388	7AEA
P19388	7AST
P19388	7D58
P19388	7D59
P19388	7DN3
P19388	7DU2
P19388	7FJI
P19388	7FJJ
P19388	7LBM
P19388	7OB9
P19388	7OBA
P19388	7OBB
P19388	7VBA
P19388	7VBB
P19388	7VBC
P07992	1Z00
P07992	2A1I
P07992	2A1J
P07992	2JNW
P07992	2JPD
P07992	2MUT
P07992	6SXA
P07992	6SXB
Q5SSJ5	2RQP
Q13133	1UHL
Q13133	3IPQ
Q13133	3IPS
Q13133	3IPU
Q13133	5AVI
Q13133	5AVL
Q13133	5HJS
Q6ZRS2	6IGM
Q9BTP7	2LYH
Q9BTP7	2M9M
Q9BTP7	2M9N
Q9BTP7	4BXO
Q9BTP7	4M6W
P46013	1R21
P46013	2AFF
P46013	5J28
O60869	1X57
O60869	6ZVH
P02768	1AO6
P02768	1BJ5
P02768	1BKE
P02768	1BM0
P02768	1E78
P02768	1E7A
P02768	1E7B
P02768	1E7C
P02768	1E7E
P02768	1E7F
P02768	1E7G
P02768	1E7H
P02768	1E7I
P02768	1GNI
P02768	1GNJ
P02768	1H9Z
P02768	1HA2
P02768	1HK1
P02768	1HK2
P02768	1HK3
P02768	1HK4
P02768	1HK5
P02768	1N5U
P02768	1O9X
P02768	1TF0
P02768	1UOR
P02768	1YSX
P02768	2BX8
P02768	2BXA
P02768	2BXB
P02768	2BXC
P02768	2BXD
P02768	2BXE
P02768	2BXF
P02768	2BXG
P02768	2BXH
P02768	2BXI
P02768	2BXK
P02768	2BXL
P02768	2BXM
P02768	2BXN
P02768	2BXO
P02768	2BXP
P02768	2BXQ
P02768	2ESG
P02768	2I2Z
P02768	2I30
P02768	2N0X
P02768	2VDB
P02768	2VUE
P02768	2VUF
P02768	2XSI
P02768	2XVQ
P02768	2XVU
P02768	2XVV
P02768	2XVW
P02768	2XW0
P02768	2XW1
P02768	2YDF
P02768	3A73
P02768	3B9L
P02768	3B9M
P02768	3CX9
P02768	3JQZ
P02768	3JRY
P02768	3LU6
P02768	3LU7
P02768	3LU8
P02768	3SQJ
P02768	3TDL
P02768	3UIV
P02768	4BKE
P02768	4E99
P02768	4EMX
P02768	4G03
P02768	4G04
P02768	4HGK
P02768	4HGM
P02768	4IW1
P02768	4IW2
P02768	4K2C
P02768	4K71
P02768	4L8U
P02768	4L9K
P02768	4L9Q
P02768	4LA0
P02768	4LB2
P02768	4LB9
P02768	4N0F
P02768	4N0U
P02768	4S1Y
P02768	4Z69
P02768	5FUO
P02768	5GIX
P02768	5GIY
P02768	5ID7
P02768	5IFO
P02768	5IJF
P02768	5UJB
P02768	5VNW
P02768	5X52
P02768	5YB1
P02768	5YOQ
P02768	5Z0B
P02768	6A7P
P02768	6EZQ
P02768	6HSC
P02768	6JE7
P02768	6L4K
P02768	6M4R
P02768	6M58
P02768	6M5D
P02768	6M5E
P02768	6QIO
P02768	6QIP
P02768	6R7S
P02768	6WUW
P02768	6XV0
P02768	6YG9
P02768	6ZL1
P02768	7A9C
P02768	7AAE
P02768	7AAI
P02768	7D6J
P02768	7DJN
P02768	7DL4
P02768	7EEK
P02768	7JWN
P02768	7QFE
P02768	7VR9
O60829	6URQ
O60828	4BWQ
O60828	4BWS
O60828	4CDO
O60814	2CV5
O60814	6KE9
O60814	6L9H
O60814	6LE9
O60814	6T79
O60814	6T7A
O60814	6T7B
O60814	6T7C
O60814	6T7D
O60814	6V92
O60814	6Y5D
O60814	7BWD
O60814	7DBP
O60814	7JZV
O60814	7V99
O15162	1Y2A
O15160	7A6H
O15160	7AE1
O15160	7AE3
O15160	7AEA
O15160	7AST
O15160	7D58
O15160	7D59
O15160	7DN3
O15160	7DU2
O15160	7FJI
O15160	7FJJ
O15160	7OB9
O15160	7OBA
O15160	7OBB
O15160	7VBA
O15160	7VBB
O15160	7VBC
P12956	1JEQ
P12956	1JEY
P12956	1JJR
P12956	3RZX
P12956	5Y3R
P12956	6ERF
P12956	6ERG
P12956	6ERH
P12956	6ZHA
P12956	6ZHE
P12956	7AXZ
P12956	7K0Y
P12956	7K1J
P12956	7K1K
P12956	7K1N
P12956	7LSY
P12956	7LT3
P12956	7NFC
P12956	7NFE
P12956	7SGL
P12956	7SU3
Q9NW08	7A6H
Q9NW08	7AE1
Q9NW08	7AE3
Q9NW08	7AEA
Q9NW08	7AST
Q9NW08	7D58
Q9NW08	7D59
Q9NW08	7DN3
Q9NW08	7DU2
Q9NW08	7FJI
Q9NW08	7FJJ
Q96QC0	6ZV2
Q9H4Q4	3EP0
Q9NVI1	6VAA
Q9NVI1	6VAD
Q9NVI1	6VAE
Q9NVI1	6VAF
Q9NVI1	7AY1
Q96PU4	1WY8
Q96PU4	1Z6U
Q96PU4	2E6S
Q96PU4	3OLN
Q96PU4	4PW5
Q96PU4	4PW6
Q96PU4	4PW7
Q96PU4	4TVR
Q96PU4	5YCO
Q6GQQ9	5LRU
Q6GQQ9	5LRV
Q6GQQ9	5LRW
Q9UQ84	3QE9
Q9UQ84	3QEA
Q9UQ84	3QEB
Q9UQ84	5UZV
Q9UQ84	5V04
Q9UQ84	5V05
Q9UQ84	5V06
Q9UQ84	5V07
Q9UQ84	5V08
Q9UQ84	5V09
Q9UQ84	5V0A
Q9UQ84	5V0B
Q9UQ84	5V0C
Q9UQ84	5V0D
Q9UQ84	5V0E
Q96NC0	5O9Z
Q96NC0	6AHD
Q96NC0	7AAV
Q96NC0	7ABF
Q96NC0	7ABG
Q96NC0	7ABI
Q9UPN9	3U5M
Q9UPN9	3U5N
Q9UPN9	3U5O
Q9UPN9	3U5P
Q9UPN9	5MR8
Q9BQ50	1Y97
P29590	1BOR
P29590	2MVW
P29590	2MWX
P29590	4WJN
P29590	4WJO
P29590	5YUF
P29590	6IMQ
P29590	6UYO
P29590	6UYP
P29590	6UYQ
P29590	6UYR
P29590	6UYS
P29590	6UYT
P29590	6UYU
P29590	6UYV
O60479	4XRS
Q9BQ15	4OWT
Q9BQ15	4OWW
Q9BQ15	4OWX
Q9BQ15	5D8E
Q9BQ15	5D8F
Q7Z6Z7	2EKK
Q7Z6Z7	2MUL
Q7Z6Z7	3G1N
Q7Z6Z7	3H1D
Q7Z6Z7	5C6H
Q7Z6Z7	5LP8
Q7Z6Z7	6FYH
Q7Z6Z7	6MIW
Q7Z6Z7	6PFL
Q7Z6Z7	7AZX
Q7Z6Z7	7JQ9
Q7Z6Z7	7MOP
Q7Z6Z7	7MWD
Q7Z6Z7	7MWE
Q7Z6Z7	7MWF
Q9BX63	1T15
Q9BX63	1T29
Q9BX63	3AL3
P23497	1H5P
P23497	4PTB
P23497	5FB0
P23497	5FB1
P23497	5PWE
P23497	5PWF
P23497	5PWG
P23497	5PWH
P23497	5PWI
P23497	5PWJ
P23497	5PWK
P23497	5PWL
P23497	5PWM
P23497	5PWN
P23497	5PWO
P23497	5PWP
P23497	5PWQ
P23497	5PWR
P23497	5PWS
P23497	5PWT
P23497	5PWU
P23497	5PWV
P23497	5PWW
P23497	5PWX
P23497	5PWY
P23497	5PWZ
P23497	5PX0
P23497	5PX1
P23497	5PX2
P23497	5PX3
P23497	5PX4
P23497	5PX5
P23497	5PX6
P23497	5PX7
P23497	5PX8
P23497	5PX9
P23497	5PXA
P23497	5PXB
P23497	5PXC
P23497	5PXD
P23497	5PXE
P23497	5PXF
P23497	5PXG
P23497	5PXH
P23497	5PXI
P23497	5PXJ
P23497	5PXK
P23497	5PXL
P23497	5PXM
P23497	5PXN
P23497	5PXO
P23497	5PXP
P23497	5PXQ
P23497	5PXR
P23497	5PXS
P23497	5PXT
P23497	5PXU
P23497	5PXV
P23497	5PXW
P23497	5PXX
P23497	5PXY
P23497	5PXZ
P23497	5PY0
P23497	5PY1
P23497	5PY2
P23497	5PY3
P23497	5PY4
P23497	5PY5
P23497	5PY6
P23497	5PY7
P23497	5PY8
P23497	5PY9
P23497	5PYA
P23497	5PYB
P23497	5PYC
P23497	5PYD
P23497	5PYE
P23497	5PYF
P23497	5PYG
P23497	5PYH
P23497	5PYI
P23497	5PYJ
P23497	5PYK
P23497	5PYL
P23497	5PYM
P23497	5PYN
P23497	5PYO
P23497	5PYP
P23497	5PYQ
P23497	5PYR
P23497	5PYS
P23497	5PYT
P23497	5PYU
P23497	5PYV
P23497	5PYW
P23497	5PYX
P23497	5PYY
P23497	5PYZ
P23497	5PZ0
P23497	5PZ1
P23497	5PZ2
P23497	5PZ3
P23497	5PZ4
P23497	5PZ5
P23497	5PZ6
P23497	5PZ7
P23497	5PZ8
P23497	5PZ9
P23497	5PZA
P23497	5PZB
P23497	5PZC
P23497	5PZD
P23497	5PZE
P23497	5PZF
P23497	5PZG
P23497	5PZH
P23497	5PZI
P23497	5PZJ
P23497	6G5N
P23497	6G5P
Q07869	1I7G
Q07869	1K7L
Q07869	1KKQ
Q07869	2NPA
Q07869	2P54
Q07869	2REW
Q07869	2ZNN
Q07869	3ET1
Q07869	3FEI
Q07869	3G8I
Q07869	3KDT
Q07869	3KDU
Q07869	3SP6
Q07869	3VI8
Q07869	4BCR
Q07869	4CI4
Q07869	5AZT
Q07869	5HYK
Q07869	6KAX
Q07869	6KAY
Q07869	6KAZ
Q07869	6KB0
Q07869	6KB1
Q07869	6KB2
Q07869	6KB3
Q07869	6KB4
Q07869	6KB5
Q07869	6KB6
Q07869	6KB7
Q07869	6KB8
Q07869	6KB9
Q07869	6KBA
Q07869	6KXX
Q07869	6KXY
Q07869	6KYP
Q07869	6L36
Q07869	6L37
Q07869	6L38
Q07869	6L96
Q07869	6LX4
Q07869	6LX5
Q07869	6LX6
Q07869	6LX7
Q07869	6LX8
Q07869	6LX9
Q07869	6LXA
Q07869	6LXB
Q07869	6LXC
Q07869	7BPY
Q07869	7BPZ
Q07869	7BQ0
Q07869	7BQ1
Q07869	7BQ2
Q07869	7BQ3
Q07869	7BQ4
Q07869	7C6Q
Q07869	7E5F
Q07869	7E5G
Q07869	7E5H
Q07869	7E5I
Q07864	5VBN
Q07864	7PFO
Q07864	7PLO
Q13148	1WF0
Q13148	2CQG
Q13148	2N2C
Q13148	2N3X
Q13148	2N4G
Q13148	2N4H
Q13148	2N4P
Q13148	4BS2
Q13148	4IUF
Q13148	4Y00
Q13148	4Y0F
Q13148	5MDI
Q13148	5MRG
Q13148	5W50
Q13148	5W52
Q13148	5W7V
Q13148	5WHN
Q13148	5WHP
Q13148	5WIA
Q13148	5WIQ
Q13148	5WKB
Q13148	5WKD
Q13148	5X4F
Q13148	6B1G
Q13148	6CF4
Q13148	6CFH
Q13148	6N37
Q13148	6N3A
Q13148	6N3B
Q13148	6N3C
Q13148	6T4B
Q13148	7KWZ
Q13148	7PY2
Q96QV6	5GSU
Q96QV6	5GT0
Q9BTM1	4EDU
Q9BTM1	6K60
Q9BTM1	6KVD
P05412	1A02
P05412	1FOS
P05412	1JNM
P05412	1JUN
P05412	1S9K
P05412	1T2K
P05412	5FV8
P05412	5T01
P05412	6Y3V
Q9H4I2	2DA5
Q9H4I2	2DN0
Q9P0M6	2XD7
Q9P0M6	6FY5
Q93077	6C0W
Q93077	6MUO
Q93077	6MUP
Q93077	6UPK
Q93077	6UPL
Q93077	7A08
Q93077	7U46
Q93077	7U47
Q93077	7U4D
Q9NPG3	4ZBJ
P49736	4UUZ
P49736	5BNV
P49736	5BNX
P49736	5BO0
P49736	5C3I
P49736	5JA4
P49736	6XTX
P49736	6XTY
P49736	6YA7
P49736	7CIZ
P49736	7CJ0
P49736	7PFO
P49736	7PLO
P17861	6R5Q
P17861	6R6G
P17861	6R6P
P17861	6R7Q
P49715	6DC0
P82979	2DO1
O75928	2ASQ
O75928	4FO9
O75925	1V66
Q96JN0	2COB
Q96JN0	6V3X
Q96JN0	6V3Y
P12268	1B3O
P12268	1NF7
P12268	1NFB
P12268	6I0M
P12268	6I0O
P12268	6U8E
P12268	6U8N
P12268	6U8R
P12268	6U8S
P12268	6U9O
P12268	6UA2
P12268	6UA4
P12268	6UA5
P12268	6UAJ
P12268	6UC2
P12268	6UDO
P12268	6UDP
P12268	6UDQ
Q9NP71	6MJL
Q9NP71	6YGJ
P33993	6XTX
P33993	6XTY
P33993	7PFO
P33993	7PLO
Q16778	4NFT
Q16778	6A7U
Q16778	6KBB
Q16778	6M4D
Q16778	6M4G
Q16778	6M4H
Q16778	7BXT
Q16778	7EA8
Q16777	6Y5E
P29084	1D8J
P29084	1D8K
P29084	5GPY
P29084	5IY6
P29084	5IY7
P29084	5IY8
P29084	5IY9
P29084	5IYA
P29084	5IYB
P29084	5IYC
P29084	5IYD
P29084	6O9L
P29084	7EG9
P29084	7EGA
P29084	7EGB
P29084	7EGC
P29084	7ENA
P29084	7ENC
P29084	7LBM
P29084	7NVR
P29084	7NVS
P29084	7NVT
P29084	7NVU
P29084	7NVY
P29084	7NVZ
P29084	7NW0
P17676	1GTW
P17676	1GU4
P17676	1GU5
P17676	1H88
P17676	1H89
P17676	1H8A
P17676	1HJB
P17676	1IO4
P17676	2E42
P17676	2E43
P17676	6MG1
P17676	6MG2
P17676	6MG3
P17676	7L4V
O75771	2KZ3
P0C5Z0	6A7U
P0C5Z0	6M4G
P0C5Z0	6M4H
O75717	2D7L
O75717	5GVA
O75717	5GVB
O75717	5OGS
O75717	6XTY
O75717	7PFO
O75717	7PLO
Q06330	2F8X
Q06330	3NBN
Q06330	3V79
Q06330	6PY8
P30876	5IY6
P30876	5IY7
P30876	5IY8
P30876	5IY9
P30876	5IYA
P30876	5IYB
P30876	5IYC
P30876	5IYD
P30876	6DRD
P30876	6O9L
P30876	6XRE
P30876	7LBM
Q16594	6F3T
Q16594	6MZC
Q16594	6MZD
Q16594	6MZL
Q16594	6MZM
Q16594	7EDX
Q16594	7EG7
Q16594	7EG8
Q16594	7EG9
Q16594	7EGA
Q16594	7EGB
Q16594	7EGC
Q16594	7EGD
Q16594	7EGE
Q16594	7EGF
Q16594	7EGG
Q16594	7EGI
Q16594	7EGJ
Q16594	7ENA
Q16594	7ENC
O43524	2K86
O43524	2LQH
O43524	2LQI
O43524	2UZK
O43524	6MNL
P27695	1BIX
P27695	1CQG
P27695	1CQH
P27695	1DE8
P27695	1DE9
P27695	1DEW
P27695	1E9N
P27695	1HD7
P27695	2ISI
P27695	2O3H
P27695	3U8U
P27695	4IEM
P27695	4LND
P27695	4QH9
P27695	4QHD
P27695	4QHE
P27695	5CFG
P27695	5DFF
P27695	5DFH
P27695	5DFI
P27695	5DFJ
P27695	5DG0
P27695	5WN0
P27695	5WN1
P27695	5WN2
P27695	5WN3
P27695	5WN4
P27695	5WN5
P27695	6BOQ
P27695	6BOR
P27695	6BOS
P27695	6BOT
P27695	6BOU
P27695	6BOV
P27695	6BOW
P27695	6MK3
P27695	6MKK
P27695	6MKM
P27695	6MKO
P27695	6P93
P27695	6P94
P27695	6W0Q
P27695	6W2P
P27695	6W3L
P27695	6W3N
P27695	6W3Q
P27695	6W3U
P27695	6W43
P27695	6W4I
P27695	6W4T
P27695	7LPG
P27695	7LPH
P27695	7LPI
P27695	7LPJ
P27695	7MCR
P27695	7MEV
P07199	1BW6
P07199	1HLV
P07199	1UFI
P07199	6KDR
Q9UHX1	2DNY
Q9UHX1	2KXF
Q9UHX1	2KXH
Q9UHX1	2QFJ
Q9UHX1	3DXB
Q9UHX1	3UE2
Q9UHX1	3US5
Q9UHX1	3UWT
Q9UHX1	5KVY
Q9UHX1	5KW1
Q9UHX1	5KW6
Q9UHX1	5KWQ
Q9UHX1	6LUR
Q9UHX1	6SLO
P20839	1JCN
P20839	7RER
P20839	7RES
P20839	7RFE
P20839	7RFF
P20839	7RFG
P20839	7RFH
P20839	7RFI
P20839	7RGD
P20839	7RGI
P20839	7RGL
P20839	7RGM
P20839	7RGQ
Q96C10	2RQA
Q96C10	2W4R
Q96C10	3EQT
P42568	2LM0
P42568	2MV7
P42568	2N4Q
P42568	2NDF
P42568	2NDG
P42568	4TMP
P42568	5HJB
P42568	5HJD
P42568	5YYF
P42568	6B7G
P42568	6L5Z
P42568	6LS6
P42568	6MIL
P42568	6MIM
P42568	7EIC
P42568	7EID
O95985	5GVC
O95985	5GVE
Q9UHK0	5L85
Q9UHI6	2OXC
Q9UHI6	3B7G
Q8NHW3	4EOT
O75478	1X41
P10636	1I8H
P10636	2MZ7
P10636	2ON9
P10636	3OVL
P10636	4E0M
P10636	4E0N
P10636	4E0O
P10636	4FL5
P10636	4GLR
P10636	4NP8
P10636	4TQE
P10636	4Y32
P10636	4Y3B
P10636	4Y5I
P10636	5DMG
P10636	5E2V
P10636	5E2W
P10636	5HF3
P10636	5K7N
P10636	5MO3
P10636	5MP1
P10636	5MP3
P10636	5MP5
P10636	5N5A
P10636	5N5B
P10636	5NVB
P10636	5O3L
P10636	5O3O
P10636	5O3T
P10636	5V5B
P10636	5V5C
P10636	5ZIA
P10636	5ZV3
P10636	6BB4
P10636	6CVJ
P10636	6CVN
P10636	6DC8
P10636	6DC9
P10636	6DCA
P10636	6FBW
P10636	6FI5
P10636	6GK7
P10636	6GK8
P10636	6GX5
P10636	6H06
P10636	6HRE
P10636	6HRF
P10636	6LRA
P10636	6N4P
P10636	6NK4
P10636	6NWP
P10636	6NWQ
P10636	6ODG
P10636	6PXR
P10636	6QJH
P10636	6QJM
P10636	6QJP
P10636	6QJQ
P10636	6TJO
P10636	6TJX
P10636	6VH7
P10636	6VHA
P10636	6VHL
P10636	6VI3
P10636	6XLI
P10636	7MKF
P10636	7MKG
P10636	7MKH
P10636	7NRQ
P10636	7NRS
P10636	7NRT
P10636	7NRV
P10636	7NRX
P10636	7P65
P10636	7P66
P10636	7P67
P10636	7P68
P10636	7P6A
P10636	7P6B
P10636	7P6C
P10636	7P6D
P10636	7P6E
P10636	7PQC
P10636	7PQP
P10636	7QJV
P10636	7QJW
P10636	7QJX
P10636	7QJY
P10636	7QJZ
P10636	7QK1
P10636	7QK2
P10636	7QK3
P10636	7QK5
P10636	7QK6
P10636	7QKF
P10636	7QKG
P10636	7QKH
P10636	7QKI
P10636	7QKJ
P10636	7QKK
P10636	7QKL
P10636	7QKM
P10636	7QKU
P10636	7QKV
P10636	7QKW
P10636	7QKX
P10636	7QKY
P10636	7QKZ
P10636	7QL0
P10636	7QL1
P10636	7QL2
P10636	7QL3
P10636	7QL4
P10636	7R4T
P10636	7R5H
P10636	7SP1
P10636	7U0Z
P52756	2LK0
P52756	2LK1
P52756	2LKZ
P52756	5MF9
P52756	5MFY
Q8NHM5	4O64
Q8NHM5	5JH5
Q8NHM5	6BVA
P20823	1IC8
P20823	2GYP
Q9Y6X8	2DMP
Q9Y6X8	3NAU
Q16531	2B5L
Q16531	2B5M
Q16531	2B5N
Q16531	2HYE
Q16531	3E0C
Q16531	3EI1
Q16531	3EI2
Q16531	3EI3
Q16531	3EI4
Q16531	3I7H
Q16531	3I7K
Q16531	3I7L
Q16531	3I7N
Q16531	3I7O
Q16531	3I7P
Q16531	3I89
Q16531	3I8C
Q16531	3I8E
Q16531	4A08
Q16531	4A09
Q16531	4A0A
Q16531	4A0B
Q16531	4A0K
Q16531	4A0L
Q16531	4A11
Q16531	4CI1
Q16531	4CI2
Q16531	4CI3
Q16531	4E54
Q16531	4E5Z
Q16531	4TZ4
Q16531	5FQD
Q16531	5HXB
Q16531	5JK7
Q16531	5V3O
Q16531	6BN7
Q16531	6BN8
Q16531	6BN9
Q16531	6BNB
Q16531	6BOY
Q16531	6DSZ
Q16531	6FCV
Q16531	6H0F
Q16531	6H0G
Q16531	6PAI
Q16531	6Q0R
Q16531	6Q0V
Q16531	6Q0W
Q16531	6R8Y
Q16531	6R8Z
Q16531	6R90
Q16531	6R91
Q16531	6R92
Q16531	6SJ7
Q16531	6TD3
Q16531	6UD7
Q16531	6UE5
Q16531	6UML
Q16531	6XK9
Q16531	6ZUE
Q16531	6ZX9
Q16531	7LPS
Q16531	7OKQ
Q16531	7OO3
Q16531	7OOB
Q16531	7OOP
Q16531	7OPC
Q16531	7OPD
Q16514	1H3O
Q16514	6MZC
Q16514	6MZD
Q16514	6MZL
Q16514	6MZM
Q16514	7EDX
Q16514	7EG7
Q16514	7EG8
Q16514	7EG9
Q16514	7EGA
Q16514	7EGB
Q16514	7EGC
Q16514	7EGD
Q16514	7EGE
Q16514	7EGF
Q16514	7EGG
Q16514	7EGI
Q16514	7EGJ
Q16514	7ENA
Q16514	7ENC
Q16514	7KTR
Q16514	7KTS
P54132	2KV2
P54132	2MH9
P54132	2RRD
P54132	3WE2
P54132	3WE3
P54132	4CDG
P54132	4CGZ
P54132	4O3M
P54132	5LUP
P54132	5MK5
P54132	5U6K
P54132	7AUC
P54132	7AUD
P49450	3AN2
P49450	3NQJ
P49450	3NQU
P49450	3R45
P49450	3WTP
P49450	5CVD
P49450	5Z23
P49450	6BUZ
P49450	6C0W
P49450	6E0C
P49450	6E0P
P49450	6KDQ
P49450	6KDS
P49450	6L49
P49450	6MUO
P49450	6MUP
P49450	6O1D
P49450	6SE0
P49450	6SE6
P49450	6SEE
P49450	6SEF
P49450	6SEG
P49450	6TEM
P49450	7D20
P49450	7U46
P49450	7U47
P49450	7U4D
P10828	1BSX
P10828	1N46
P10828	1NAX
P10828	1NQ0
P10828	1NQ1
P10828	1NQ2
P10828	1NUO
P10828	1Q4X
P10828	1R6G
P10828	1XZX
P10828	1Y0X
P10828	2J4A
P10828	2NLL
P10828	2PIN
P10828	3D57
P10828	3GWS
P10828	3IMY
P10828	3JZC
P10828	4ZO1
P10828	6KKB
P10828	6KKE
P10828	6KNU
P10828	6KNV
P10828	6KNW
P10826	1HRA
P10826	1XAP
P10826	4DM6
P10826	4DM8
P10826	4JYG
P10826	4JYH
P10826	4JYI
P10826	5UAN
P10826	6SSQ
O75446	2KDP
P52952	3RKQ
P52952	4S0H
P52952	6WC2
P52952	6WC5
Q9H0W7	2D8R
P49643	3L9Q
P49643	3Q36
P49643	4BPU
P49643	4BPW
P49643	4BPX
P49643	4RR2
P49643	5DQO
P49643	5EXR
P49643	5F0Q
P49643	5F0S
P49643	5I7M
P49643	6DHW
P49643	7OPL
Q9ULG1	6HTS
Q9NTI5	5HDT
Q06481	5JBT
Q06481	5TPT
Q06455	1WQ6
Q06455	2DJ8
Q06455	2H7B
Q06455	2KNH
Q06455	2KYG
Q06455	2OD1
Q06455	2ODD
Q06455	2PP4
Q06455	4JOL
Q9UKY1	2ECB
Q9UKY1	2GHF
Q9UKY1	2LY9
Q9UKY1	3NAR
P27797	2CLR
P27797	3DOW
P27797	3POS
P27797	3POW
P27797	5LK5
P27797	5V90
P27797	6ENY
Q9H161	2M0C
Q9H147	2MWI
Q9H147	4D6K
Q9H147	6Z2J
Q9H147	6Z2K
O95983	2MB7
O95983	6CC8
O95983	6CCG
O95983	6CEU
O95983	6CEV
Q9Y2Y4	3M5B
A4GXA9	7F6L
P00519	1AB2
P00519	1AWO
P00519	1BBZ
P00519	1JU5
P00519	1OPL
P00519	1ZZP
P00519	2ABL
P00519	2E2B
P00519	2F4J
P00519	2FO0
P00519	2G1T
P00519	2G2F
P00519	2G2H
P00519	2G2I
P00519	2GQG
P00519	2HIW
P00519	2HYY
P00519	2HZ0
P00519	2HZ4
P00519	2HZI
P00519	2O88
P00519	2V7A
P00519	3CS9
P00519	3EG0
P00519	3EG1
P00519	3EG2
P00519	3EG3
P00519	3EGU
P00519	3K2M
P00519	3PYY
P00519	3QRI
P00519	3QRJ
P00519	3QRK
P00519	3T04
P00519	3UE4
P00519	3UYO
P00519	4J9B
P00519	4J9C
P00519	4J9D
P00519	4J9E
P00519	4J9F
P00519	4J9G
P00519	4J9H
P00519	4J9I
P00519	4JJB
P00519	4JJC
P00519	4JJD
P00519	4TWP
P00519	4WA9
P00519	4XEY
P00519	4YC8
P00519	4ZOG
P00519	5DC0
P00519	5DC4
P00519	5DC9
P00519	5HU9
P00519	5MO4
P00519	5NP2
P00519	5OAZ
P00519	6AMV
P00519	6AMW
P00519	6BL8
P00519	6NPE
P00519	6NPU
P00519	6NPV
P00519	6XR6
P00519	6XR7
P00519	6XRG
P00519	7CC2
P00519	7DT2
Q9UJ41	1TXU
Q9UJ41	2C7M
Q9UJ41	2C7N
Q9UJ41	2OT3
Q9UJ41	4N3X
Q9UJ41	4N3Y
Q9UJ41	4N3Z
Q9UJ41	4Q9U
Q5VVJ2	2CU7
Q5VVJ2	2DCE
P42677	4UG0
P42677	4V6X
P42677	5A2Q
P42677	5AJ0
P42677	5FLX
P42677	5LKS
P42677	5OA3
P42677	5T2C
P42677	5VYC
P42677	6FEC
P42677	6G18
P42677	6G4S
P42677	6G4W
P42677	6G51
P42677	6G53
P42677	6G5H
P42677	6G5I
P42677	6IP5
P42677	6IP6
P42677	6IP8
P42677	6OLE
P42677	6OLF
P42677	6OLG
P42677	6OLI
P42677	6OLZ
P42677	6OM0
P42677	6OM7
P42677	6QZP
P42677	6XA1
P42677	6Y0G
P42677	6Y2L
P42677	6Y57
P42677	6YBD
P42677	6YBW
P42677	6Z6L
P42677	6Z6M
P42677	6Z6N
P42677	6ZLW
P42677	6ZM7
P42677	6ZME
P42677	6ZMI
P42677	6ZMO
P42677	6ZMT
P42677	6ZMW
P42677	6ZN5
P42677	6ZOJ
P42677	6ZOK
P42677	6ZON
P42677	6ZP4
P42677	6ZUO
P42677	6ZV6
P42677	6ZVH
P42677	6ZVJ
P42677	6ZXD
P42677	6ZXE
P42677	6ZXF
P42677	6ZXG
P42677	6ZXH
P42677	7A09
P42677	7K5I
P42677	7MQ8
P42677	7MQ9
P42677	7MQA
Q16695	2V1D
Q16695	2YBP
Q16695	2YBS
Q16695	3A6N
Q16695	3T6R
Q16695	4V2V
Q16695	4V2W
Q16695	6OIE
Q16695	6WAT
Q16695	6WAU
P54278	1EA6
P54278	1H7S
P54278	1H7U
P54278	5U5R
P54278	6MFQ
P54278	7RCB
P54278	7RCI
P54278	7RCK
P54277	2CS1
P54274	1BA5
P54274	1H6O
P54274	1ITY
P54274	1IV6
P54274	1W0T
P54274	3BQO
P54274	3L82
P54274	5HKP
P54274	5WIR
P54274	5XUP
Q16633	1CQT
Q16621	2KZ5
P54253	1OA8
P54253	2M41
P54253	4APT
P54253	4AQP
P54253	4J2J
P54253	4J2L
P54253	6QIU
P22392	1NSK
P22392	1NUE
P22392	3BBB
P22392	3BBC
P22392	3BBF
P22392	7KPF
Q9UBC3	3FLG
Q9UBC3	3QKJ
Q9UBC3	5CIU
Q9UBC3	5NR3
Q9UBC3	5NRR
Q9UBC3	5NRS
Q9UBC3	5NRV
Q9UBC3	5NV0
Q9UBC3	5NV2
Q9UBC3	5NV7
Q9UBC3	5NVO
Q9UBC3	6KDA
Q9UBC3	6KDB
Q9UBC3	6KDL
Q9UBC3	6KDP
Q9UBC3	6KDT
Q9UBC3	6PA7
Q9UBC3	6R3E
Q9UBC3	6U8P
Q9UBC3	6U8V
Q9UBC3	6U8W
Q9UBC3	6U8X
Q9UBC3	6U90
Q9UBC3	6U91
Q9UBC3	7O45
O60216	4PJU
O60216	4PJW
O60216	4PK7
O60216	6QNX
O60216	6RRC
O60216	6RRK
O60216	6WG3
O60216	6WGE
Q32MZ4	4H22
Q01094	1H24
Q01094	1O9K
Q01094	2AZE
Q01094	5M9N
Q01094	5M9O
Q01094	6G0P
Q01094	6ULS
Q01085	1X4G
Q01085	2CQI
Q01085	2DH7
Q9H4L7	6H3A
Q9H4L7	6QU1
Q96KC8	2CQQ
Q96KC8	2CQR
O75593	5XOC
O75586	7EMF
O75586	7ENA
O75586	7ENC
O75586	7ENJ
O75586	7LBM
O75586	7NVR
Q8NDX5	4PZN
Q8NDX5	4PZO
Q9UIF8	2E7O
Q9UIF8	3G0L
Q9UIF8	3Q2F
Q9UIF8	4CUP
Q9UIF8	4CUQ
Q9UIF8	4CUR
Q9UIF8	4CUS
Q9UIF8	4CUT
Q9UIF8	4CUU
Q9UIF8	4IR3
Q9UIF8	4IR4
Q9UIF8	4IR5
Q9UIF8	4IR6
Q9UIF8	4NR9
Q9UIF8	4NRA
Q9UIF8	4NRB
Q9UIF8	4NRC
Q9UIF8	4QC1
Q9UIF8	4QC3
Q9UIF8	4QF3
Q9UIF8	4RVR
Q9UIF8	4XUA
Q9UIF8	4XUB
Q9UIF8	5CQ3
Q9UIF8	5CQ4
Q9UIF8	5CQ5
Q9UIF8	5CQ6
Q9UIF8	5CQ7
Q9UIF8	5CQ8
Q9UIF8	5CQA
Q9UIF8	5CU8
Q9UIF8	5CUA
Q9UIF8	5CUB
Q9UIF8	5CUC
Q9UIF8	5CUD
Q9UIF8	5CUE
Q9UIF8	5CUG
Q9UIF8	5DYU
Q9UIF8	5DYX
Q9UIF8	5E73
Q9UIF8	5E74
Q9UIF8	5E9I
Q9UIF8	5E9K
Q9UIF8	5E9L
Q9UIF8	5E9M
Q9UIF8	5E9Y
Q9UIF8	5L8T
Q9UIF8	5L8U
Q9UIF8	5L96
Q9UIF8	5L97
Q9UIF8	5L98
Q9UIF8	5L99
Q9UIF8	5MGE
Q9UIF8	5MGF
Q9UIF8	5MGG
Q9UIF8	5OR9
Q9UIF8	5ORB
Q9UIF8	5PB7
Q9UIF8	5PB8
Q9UIF8	5PB9
Q9UIF8	5PBA
Q9UIF8	5PBB
Q9UIF8	5PBC
Q9UIF8	5PBD
Q9UIF8	5PBE
Q9UIF8	5PBF
Q9UIF8	5PBG
Q9UIF8	5PBH
Q9UIF8	5PBI
Q9UIF8	5PBJ
Q9UIF8	5PBK
Q9UIF8	5PBL
Q9UIF8	5PBM
Q9UIF8	5PBN
Q9UIF8	5PBO
Q9UIF8	5PBP
Q9UIF8	5PBQ
Q9UIF8	5PBR
Q9UIF8	5PBS
Q9UIF8	5PBT
Q9UIF8	5PBU
Q9UIF8	5PBV
Q9UIF8	5PBW
Q9UIF8	5PBX
Q9UIF8	5PBY
Q9UIF8	5PBZ
Q9UIF8	5PC0
Q9UIF8	5PC1
Q9UIF8	5PC2
Q9UIF8	5PC3
Q9UIF8	5PC4
Q9UIF8	5PC5
Q9UIF8	5PC6
Q9UIF8	5PC7
Q9UIF8	5PC8
Q9UIF8	5PC9
Q9UIF8	5PCA
Q9UIF8	5PCB
Q9UIF8	5PCC
Q9UIF8	5PCD
Q9UIF8	5PCE
Q9UIF8	5PCF
Q9UIF8	5PCG
Q9UIF8	5PCH
Q9UIF8	5PCI
Q9UIF8	5PCJ
Q9UIF8	5PCK
Q9UIF8	5PCL
Q9UIF8	5PCM
Q9UIF8	5PCN
Q9UIF8	5PCO
Q9UIF8	5PCP
Q9UIF8	5PCQ
Q9UIF8	5PCR
Q9UIF8	5PCS
Q9UIF8	5PCT
Q9UIF8	5PCU
Q9UIF8	5PCV
Q9UIF8	5PCW
Q9UIF8	5PCX
Q9UIF8	5PCZ
Q9UIF8	5PD0
Q9UIF8	5PD1
Q9UIF8	5PD2
Q9UIF8	5PD3
Q9UIF8	5PD4
Q9UIF8	5PD5
Q9UIF8	5PD6
Q9UIF8	5PD7
Q9UIF8	5PD8
Q9UIF8	5PD9
Q9UIF8	5PDA
Q9UIF8	5PDB
Q9UIF8	5PDC
Q9UIF8	5PDD
Q9UIF8	5PDE
Q9UIF8	5PDF
Q9UIF8	5PDG
Q9UIF8	5PDH
Q9UIF8	5PDI
Q9UIF8	5PDJ
Q9UIF8	5PDK
Q9UIF8	5PDL
Q9UIF8	5PDM
Q9UIF8	5PDN
Q9UIF8	5PDO
Q9UIF8	5PDP
Q9UIF8	5PDQ
Q9UIF8	5PDR
Q9UIF8	5PDS
Q9UIF8	5PDT
Q9UIF8	5PDU
Q9UIF8	5PDV
Q9UIF8	5PDW
Q9UIF8	5PDX
Q9UIF8	5PDY
Q9UIF8	5PDZ
Q9UIF8	5PE0
Q9UIF8	5PE1
Q9UIF8	5PE2
Q9UIF8	5PE3
Q9UIF8	5PE4
Q9UIF8	5PE5
Q9UIF8	5PE6
Q9UIF8	5PE7
Q9UIF8	5PE8
Q9UIF8	5PE9
Q9UIF8	5PEA
Q9UIF8	5PEB
Q9UIF8	5PEC
Q9UIF8	5PED
Q9UIF8	5PEE
Q9UIF8	5PEF
Q9UIF8	5PEG
Q9UIF8	5PEH
Q9UIF8	5PEI
Q9UIF8	5PEJ
Q9UIF8	5PEK
Q9UIF8	5PEL
Q9UIF8	5PEM
Q9UIF8	5PEN
Q9UIF8	5PEO
Q9UIF8	5PEQ
Q9UIF8	5PER
Q9UIF8	5PES
Q9UIF8	5PET
Q9UIF8	5PEU
Q9UIF8	5PEV
Q9UIF8	5PEW
Q9UIF8	5PEX
Q9UIF8	5PEY
Q9UIF8	5PEZ
Q9UIF8	5PF0
Q9UIF8	5PF1
Q9UIF8	5PF2
Q9UIF8	5PF3
Q9UIF8	5PF4
Q9UIF8	5PF5
Q9UIF8	5PF6
Q9UIF8	5PF7
Q9UIF8	5PF8
Q9UIF8	5PF9
Q9UIF8	5PFA
Q9UIF8	5PFB
Q9UIF8	5PFC
Q9UIF8	5PFD
Q9UIF8	5PFE
Q9UIF8	5PFF
Q9UIF8	5PFG
Q9UIF8	5PFH
Q9UIF8	5PFI
Q9UIF8	5PFJ
Q9UIF8	5PFL
Q9UIF8	5PFM
Q9UIF8	5PFN
Q9UIF8	5PFO
Q9UIF8	5PFP
Q9UIF8	5PFQ
Q9UIF8	5PFR
Q9UIF8	5PFS
Q9UIF8	5PFT
Q9UIF8	5PFU
Q9UIF8	5PFV
Q9UIF8	5PFW
Q9UIF8	5PFX
Q9UIF8	5PFY
Q9UIF8	5PFZ
Q9UIF8	5PG0
Q9UIF8	5PG1
Q9UIF8	5PG2
Q9UIF8	5PG3
Q9UIF8	5PG4
Q9UIF8	5PG5
Q9UIF8	5PG6
Q9UIF8	5PG7
Q9UIF8	5PG8
Q9UIF8	5PG9
Q9UIF8	5PGA
Q9UIF8	5PGB
Q9UIF8	5PGC
Q9UIF8	5PGD
Q9UIF8	5PGE
Q9UIF8	5PGF
Q9UIF8	5PGG
Q9UIF8	5PGH
Q9UIF8	5PGI
Q9UIF8	5PGJ
Q9UIF8	5PGK
Q9UIF8	5PGL
Q9UIF8	5PGN
Q9UIF8	5PGO
Q9UIF8	5PGP
Q9UIF8	5PGQ
Q9UIF8	5PGR
Q9UIF8	5PGS
Q9UIF8	5PGT
Q9UIF8	6FGT
Q9UIF8	6FGU
Q9UIF8	6FH6
Q9UIF8	6FH7
Q9UIF8	6FHQ
Q9UIF8	6FI1
Q9UIF8	7WIN
O75531	1CI4
O75531	1QCK
O75531	2BZF
O75531	2EZX
O75531	2EZY
O75531	2EZZ
O75531	2ODG
O75531	6GHD
O75531	6RPR
O75531	6UNT
O75531	6URE
O75531	6URJ
O75531	6URK
O75531	6URL
O75531	6URN
O75531	6URR
O75531	6URZ
O75531	6US0
O75531	6US1
O75531	6US7
O75531	6USB
O75531	6USD
O75531	6USI
O75531	7ABM
O75531	7NDY
Q96FV9	1WXP
Q96FV9	7APK
P52655	1NVP
P52655	5FUR
P52655	5IY6
P52655	5IY7
P52655	5IY8
P52655	5IY9
P52655	5IYA
P52655	5IYB
P52655	5IYC
P52655	5IYD
P52655	5M4S
P52655	6MZM
P52655	6O9L
P52655	7EDX
P52655	7EG7
P52655	7EG8
P52655	7EG9
P52655	7EGA
P52655	7EGB
P52655	7EGC
P52655	7EGD
P52655	7EGI
P52655	7EGJ
P52655	7LBM
P52655	7NVR
P52655	7NVS
P52655	7NVT
P52655	7NVU
P52655	7NVY
P52655	7NVZ
P52655	7NW0
Q149N8	2M85
Q149N8	4QN1
P62875	5IY6
P62875	5IY7
P62875	5IY8
P62875	5IY9
P62875	5IYA
P62875	5IYB
P62875	5IYC
P62875	5IYD
P62875	6DRD
P62875	6O9L
P62875	6XRE
P62875	7A6H
P62875	7AE1
P62875	7AE3
P62875	7AEA
P62875	7AST
P62875	7D58
P62875	7D59
P62875	7DN3
P62875	7DU2
P62875	7FJI
P62875	7FJJ
P62875	7LBM
P62875	7OB9
P62875	7OBA
P62875	7OBB
P62875	7VBA
P62875	7VBB
P62875	7VBC
Q16236	2FLU
Q16236	2LZ1
Q16236	3ZGC
Q16236	4IFL
Q16236	5WFV
Q16236	6T7V
Q16236	7K28
Q16236	7K29
Q16236	7K2A
Q16236	7K2B
Q16236	7K2C
Q16236	7K2D
Q16236	7K2E
Q16236	7K2K
Q16236	7O7B
Q96E14	3MXN
Q96E14	3NBH
Q96E14	4DAY
P62841	4UG0
P62841	4V6X
P62841	5A2Q
P62841	5AJ0
P62841	5FLX
P62841	5LKS
P62841	5OA3
P62841	5T2C
P62841	5VYC
P62841	6FEC
P62841	6G18
P62841	6G4S
P62841	6G4W
P62841	6G51
P62841	6G53
P62841	6G5H
P62841	6G5I
P62841	6IP5
P62841	6IP6
P62841	6IP8
P62841	6OLE
P62841	6OLF
P62841	6OLG
P62841	6OLI
P62841	6OLZ
P62841	6OM0
P62841	6OM7
P62841	6QZP
P62841	6XA1
P62841	6Y0G
P62841	6Y2L
P62841	6Y57
P62841	6YBS
P62841	6Z6L
P62841	6Z6M
P62841	6Z6N
P62841	6ZLW
P62841	6ZM7
P62841	6ZME
P62841	6ZMI
P62841	6ZMO
P62841	6ZMT
P62841	6ZMW
P62841	6ZN5
P62841	6ZOJ
P62841	6ZOL
P62841	6ZON
P62841	6ZP4
P62841	6ZUO
P62841	6ZV6
P62841	6ZVH
P62841	6ZVJ
P62841	6ZXD
P62841	6ZXE
P62841	6ZXF
P62841	6ZXG
P62841	6ZXH
P62841	7A09
P62841	7K5I
P54098	3IKM
P54098	4ZTU
P54098	4ZTZ
P54098	5C51
P54098	5C52
P54098	5C53
Q16254	1CF7
Q16254	5TUU
P62807	5GT0
P62807	5KGF
P62807	6ACO
P62807	6C0W
P62807	6FML
P62807	6R0C
P62807	6RNY
P62807	6SE0
P62807	6SE6
P62807	6SEE
P62807	6SEF
P62807	6SEG
P62807	6UPK
P62807	6UPL
P62807	6X59
P62807	6X5A
P62807	6XJD
P62807	7A08
P62807	7JO9
P62807	7JOA
P62807	7U46
P62807	7U47
P62807	7U4D
P62805	1ZKK
P62805	2BQZ
P62805	2CV5
P62805	2IG0
P62805	2KWN
P62805	2KWO
P62805	2LVM
P62805	2QQS
P62805	2RJE
P62805	2RNY
P62805	2RS9
P62805	3A6N
P62805	3AFA
P62805	3AN2
P62805	3AV1
P62805	3AV2
P62805	3AYW
P62805	3AZE
P62805	3AZF
P62805	3AZG
P62805	3AZH
P62805	3AZI
P62805	3AZJ
P62805	3AZK
P62805	3AZL
P62805	3AZM
P62805	3AZN
P62805	3CFS
P62805	3CFV
P62805	3F9W
P62805	3F9X
P62805	3F9Y
P62805	3F9Z
P62805	3IJ1
P62805	3JPX
P62805	3NQJ
P62805	3NQU
P62805	3O36
P62805	3QBY
P62805	3QZS
P62805	3QZT
P62805	3QZV
P62805	3R45
P62805	3UVW
P62805	3UVX
P62805	3UVY
P62805	3UW9
P62805	3W96
P62805	3W97
P62805	3W98
P62805	3W99
P62805	3WA9
P62805	3WAA
P62805	3WKJ
P62805	3WTP
P62805	3X1S
P62805	3X1T
P62805	3X1U
P62805	3X1V
P62805	4GQB
P62805	4H9N
P62805	4H9O
P62805	4H9P
P62805	4H9Q
P62805	4H9R
P62805	4H9S
P62805	4HGA
P62805	4M38
P62805	4N3W
P62805	4N4F
P62805	4QUT
P62805	4QUU
P62805	4QYD
P62805	4U9W
P62805	4YM5
P62805	4YM6
P62805	4YY6
P62805	4YYD
P62805	4YYG
P62805	4YYH
P62805	4YYI
P62805	4YYJ
P62805	4YYK
P62805	4YYM
P62805	4YYN
P62805	4Z2M
P62805	4Z5T
P62805	5AV5
P62805	5AV6
P62805	5AV8
P62805	5AV9
P62805	5AVB
P62805	5AVC
P62805	5AY8
P62805	5B0Y
P62805	5B0Z
P62805	5B24
P62805	5B2I
P62805	5B2J
P62805	5B31
P62805	5B32
P62805	5B33
P62805	5B40
P62805	5BNV
P62805	5BNX
P62805	5BO0
P62805	5C3I
P62805	5CPI
P62805	5CPJ
P62805	5CPK
P62805	5FA5
P62805	5FFW
P62805	5FWE
P62805	5GSE
P62805	5GSU
P62805	5GT0
P62805	5GT3
P62805	5GTC
P62805	5GXQ
P62805	5JA4
P62805	5JRG
P62805	5KDM
P62805	5TEG
P62805	5X7X
P62805	5XF3
P62805	5XF4
P62805	5XF5
P62805	5Y0C
P62805	5Y0D
P62805	5YE3
P62805	5YE4
P62805	5Z23
P62805	5Z30
P62805	5ZBX
P62805	5ZGC
P62805	6A5L
P62805	6A5O
P62805	6A5P
P62805	6A5R
P62805	6A5T
P62805	6A5U
P62805	6ACP
P62805	6BUZ
P62805	6C0W
P62805	6E0C
P62805	6E0P
P62805	6FML
P62805	6HKT
P62805	6HTS
P62805	6INQ
P62805	6IR9
P62805	6J4W
P62805	6J4X
P62805	6J4Y
P62805	6J4Z
P62805	6J50
P62805	6J51
P62805	6JOU
P62805	6JR0
P62805	6JR1
P62805	6K1I
P62805	6K1J
P62805	6K1K
P62805	6KE9
P62805	6KVD
P62805	6KXV
P62805	6L49
P62805	6L4A
P62805	6L9H
P62805	6L9Z
P62805	6LA2
P62805	6LA8
P62805	6LA9
P62805	6LAB
P62805	6LE9
P62805	6LER
P62805	6M3V
P62805	6M44
P62805	6M4D
P62805	6M4G
P62805	6M4H
P62805	6MLC
P62805	6MUO
P62805	6MUP
P62805	6O1D
P62805	6R0C
P62805	6R8Y
P62805	6R8Z
P62805	6R90
P62805	6R91
P62805	6R92
P62805	6R93
P62805	6R94
P62805	6RNY
P62805	6RXS
P62805	6SE0
P62805	6SE6
P62805	6SEE
P62805	6SEF
P62805	6SEG
P62805	6T79
P62805	6T7A
P62805	6T7B
P62805	6T7C
P62805	6T7D
P62805	6T90
P62805	6T93
P62805	6UPK
P62805	6UPL
P62805	6USJ
P62805	6V2K
P62805	6V92
P62805	6VO5
P62805	6X59
P62805	6X5A
P62805	6XJD
P62805	6Y5D
P62805	6YOV
P62805	7A08
P62805	7BWD
P62805	7BXT
P62805	7BY0
P62805	7C0M
P62805	7CCQ
P62805	7CCR
P62805	7CIZ
P62805	7CJ0
P62805	7COW
P62805	7D1Z
P62805	7D20
P62805	7DBP
P62805	7E8D
P62805	7EIC
P62805	7JO9
P62805	7JOA
P62805	7JZV
P62805	7K5X
P62805	7K5Y
P62805	7K60
P62805	7K61
P62805	7K63
P62805	7LMK
P62805	7LMM
P62805	7LYA
P62805	7LYB
P62805	7LYC
P62805	7M98
P62805	7NL0
P62805	7SCY
P62805	7SCZ
P62805	7U46
P62805	7U47
P62805	7U4D
P62805	7V6Q
Q9Y5N6	3M03
Q9Y5N6	6KVG
Q9Y6J9	7KTR
Q9Y6J9	7KTS
Q14839	1MM2
Q14839	1MM3
Q14839	2EE1
Q14839	2L5U
Q14839	2L75
Q14839	2N5N
Q14839	4O9I
Q14839	6BGG
Q14839	6Q3M
Q14839	6RYR
Q14839	6RYU
Q14807	2EDU
Q14807	6NJE
P52435	5IY6
P52435	5IY7
P52435	5IY8
P52435	5IY9
P52435	5IYA
P52435	5IYB
P52435	5IYC
P52435	5IYD
P52435	6DRD
P52435	6O9L
P52435	6XRE
P52435	7LBM
P15884	2KWF
P15884	6OD3
P15884	6OD4
P15884	6OD5
Q9HBD1	4Z30
Q9HBD1	4Z31
Q9HBD1	4ZLC
Q9HBD1	4ZLD
Q9Y483	5XFR
Q96BD5	2PUY
Q96BD5	2YQL
P42166	1GJJ
P42166	1H9E
P42166	1H9F
Q6EKJ0	2E3L
Q14781	2D9U
Q14781	3H91
Q14781	5EPK
P49790	2EBQ
P49790	2EBR
P49790	2EBV
P49790	2GQE
P49790	4U0C
P49790	4U0D
P49790	5TSV
P49790	5TSX
P49790	6AYA
Q8NCD3	3R45
Q9Y261	5X07
Q9Y237	1EQ3
Q9Y237	1FJD
Q9Y237	3UI4
Q9Y237	3UI5
Q9Y237	3UI6
O95365	2IF5
O95365	2NN2
O95365	7EYI
O95365	7N5S
O95365	7N5T
P37231	1FM6
P37231	1FM9
P37231	1I7I
P37231	1K74
P37231	1KNU
P37231	1NYX
P37231	1PRG
P37231	1RDT
P37231	1WM0
P37231	1ZEO
P37231	1ZGY
P37231	2ATH
P37231	2F4B
P37231	2FVJ
P37231	2G0G
P37231	2G0H
P37231	2GTK
P37231	2HFP
P37231	2HWQ
P37231	2HWR
P37231	2I4J
P37231	2I4P
P37231	2I4Z
P37231	2OM9
P37231	2P4Y
P37231	2POB
P37231	2PRG
P37231	2Q59
P37231	2Q5P
P37231	2Q5S
P37231	2Q61
P37231	2Q6R
P37231	2Q6S
P37231	2Q8S
P37231	2QMV
P37231	2VSR
P37231	2VST
P37231	2VV0
P37231	2VV1
P37231	2VV2
P37231	2VV3
P37231	2VV4
P37231	2XKW
P37231	2YFE
P37231	2ZK0
P37231	2ZK1
P37231	2ZK2
P37231	2ZK3
P37231	2ZK4
P37231	2ZK5
P37231	2ZK6
P37231	2ZNO
P37231	2ZVT
P37231	3ADS
P37231	3ADT
P37231	3ADU
P37231	3ADV
P37231	3ADW
P37231	3ADX
P37231	3AN3
P37231	3AN4
P37231	3B0Q
P37231	3B0R
P37231	3B1M
P37231	3B3K
P37231	3BC5
P37231	3CDP
P37231	3CDS
P37231	3CS8
P37231	3CWD
P37231	3D6D
P37231	3DZU
P37231	3DZY
P37231	3E00
P37231	3ET0
P37231	3ET3
P37231	3FEJ
P37231	3FUR
P37231	3G9E
P37231	3GBK
P37231	3H0A
P37231	3HO0
P37231	3HOD
P37231	3IA6
P37231	3K8S
P37231	3KMG
P37231	3LMP
P37231	3NOA
P37231	3OSI
P37231	3OSW
P37231	3PBA
P37231	3PO9
P37231	3PRG
P37231	3QT0
P37231	3R5N
P37231	3R8A
P37231	3R8I
P37231	3S9S
P37231	3SZ1
P37231	3T03
P37231	3TY0
P37231	3U9Q
P37231	3V9T
P37231	3V9V
P37231	3V9Y
P37231	3VJH
P37231	3VJI
P37231	3VN2
P37231	3VSO
P37231	3VSP
P37231	3WJ4
P37231	3WJ5
P37231	3WMH
P37231	3X1H
P37231	3X1I
P37231	4A4V
P37231	4A4W
P37231	4CI5
P37231	4E4K
P37231	4E4Q
P37231	4EM9
P37231	4EMA
P37231	4F9M
P37231	4FGY
P37231	4HEE
P37231	4JAZ
P37231	4JL4
P37231	4L96
P37231	4L98
P37231	4O8F
P37231	4OJ4
P37231	4PRG
P37231	4PVU
P37231	4PWL
P37231	4R06
P37231	4R2U
P37231	4R6S
P37231	4XLD
P37231	4XTA
P37231	4XUH
P37231	4XUM
P37231	4Y29
P37231	4YT1
P37231	5AZV
P37231	5DSH
P37231	5DV3
P37231	5DV6
P37231	5DV8
P37231	5DVC
P37231	5DWL
P37231	5F9B
P37231	5GTN
P37231	5GTO
P37231	5GTP
P37231	5HZC
P37231	5JI0
P37231	5LSG
P37231	5TTO
P37231	5TWO
P37231	5U5L
P37231	5UGM
P37231	5WQX
P37231	5WR0
P37231	5WR1
P37231	5Y2O
P37231	5Y2T
P37231	5YCN
P37231	5YCP
P37231	5Z5S
P37231	5Z6S
P37231	6AD9
P37231	6AN1
P37231	6AUG
P37231	6AVI
P37231	6C1I
P37231	6C5Q
P37231	6C5T
P37231	6D3E
P37231	6D8X
P37231	6D94
P37231	6DBH
P37231	6DCU
P37231	6DGL
P37231	6DGO
P37231	6DGP
P37231	6DGQ
P37231	6DGR
P37231	6DH9
P37231	6DHA
P37231	6E5A
P37231	6ENQ
P37231	6F2L
P37231	6FZF
P37231	6FZG
P37231	6FZJ
P37231	6FZP
P37231	6FZY
P37231	6ICJ
P37231	6IJR
P37231	6IJS
P37231	6ILQ
P37231	6IZM
P37231	6IZN
P37231	6JEY
P37231	6JF0
P37231	6JQ7
P37231	6K0T
P37231	6KTM
P37231	6KTN
P37231	6L89
P37231	6L8B
P37231	6MCZ
P37231	6MD0
P37231	6MD1
P37231	6MD2
P37231	6MD4
P37231	6MS7
P37231	6O67
P37231	6O68
P37231	6ONI
P37231	6ONJ
P37231	6PDZ
P37231	6QJ5
P37231	6T1S
P37231	6T1V
P37231	6T6B
P37231	6T9C
P37231	6TDC
P37231	6TSG
P37231	6VZL
P37231	6VZM
P37231	6VZN
P37231	6VZO
P37231	6Y3U
P37231	6ZLY
P37231	7A7H
P37231	7AHJ
P37231	7AWC
P37231	7AWD
P37231	7CXE
P37231	7CXF
P37231	7CXG
P37231	7CXH
P37231	7CXI
P37231	7CXJ
P37231	7CXK
P37231	7CXL
P37231	7E0A
P37231	7E2O
P37231	7EFQ
P37231	7JQG
P37231	7LOT
P37231	7WOX
Q14587	2EL4
Q14587	2EL5
Q14587	2EL6
Q14587	2EM1
Q14587	2EMV
Q14587	2EMW
Q14587	2EMX
Q14587	2EMY
Q14587	2EN0
Q14587	2EN6
Q14587	2EN7
Q14587	2EOF
Q14587	2EOG
Q14587	2EOI
Q14587	2EOJ
Q14587	2EOK
Q14587	2EOL
Q14587	2EOP
Q14587	2EPV
Q14587	2EPW
Q14587	2EPY
Q14587	2YTF
Q14587	2YTQ
Q14565	1V5W
Q14565	2ZJB
Q14565	4HYY
Q14565	6R3P
Q14565	7C98
Q14565	7C99
Q14565	7C9C
Q14565	7CGY
P84022	1MHD
P84022	1MJS
P84022	1MK2
P84022	1OZJ
P84022	1U7F
P84022	2LAJ
P84022	2LB2
P84022	5OD6
P84022	5ODG
P84022	5XOC
P84022	6YIB
P84022	6ZMN
Q8NFU7	6ASD
P49005	3E0J
P49005	6S1M
P49005	6S1N
P49005	6S1O
P49005	6TNY
P49005	6TNZ
P52594	2D9L
P52594	2OLM
P52594	2VX8
Q9UGL1	2MA5
Q9UGL1	2MNY
Q9UGL1	2MNZ
Q9UGL1	5A1F
Q9UGL1	5A3N
Q9UGL1	5A3P
Q9UGL1	5A3T
Q9UGL1	5A3W
Q9UGL1	5FPL
Q9UGL1	5FPU
Q9UGL1	5FUN
Q9UGL1	5FUP
Q9UGL1	5FV3
Q9UGL1	5FY4
Q9UGL1	5FY5
Q9UGL1	5FY9
Q9UGL1	5FYB
Q9UGL1	5FYS
Q9UGL1	5FYT
Q9UGL1	5FYU
Q9UGL1	5FYV
Q9UGL1	5FYY
Q9UGL1	5FYZ
Q9UGL1	5FZ0
Q9UGL1	5FZ1
Q9UGL1	5FZ3
Q9UGL1	5FZ4
Q9UGL1	5FZ6
Q9UGL1	5FZ7
Q9UGL1	5FZ8
Q9UGL1	5FZ9
Q9UGL1	5FZA
Q9UGL1	5FZB
Q9UGL1	5FZC
Q9UGL1	5FZD
Q9UGL1	5FZE
Q9UGL1	5FZF
Q9UGL1	5FZG
Q9UGL1	5FZH
Q9UGL1	5FZI
Q9UGL1	5FZK
Q9UGL1	5FZL
Q9UGL1	5FZM
Q9UGL1	5LW9
Q9UGL1	5LWB
Q9UGL1	6EIN
Q9UGL1	6EIU
Q9UGL1	6EIY
Q9UGL1	6EJ0
Q9UGL1	6EJ1
Q9UGL1	6EK6
Q9UGL1	6H4Z
Q9UGL1	6H50
Q9UGL1	6H51
Q9UGL1	6H52
Q9UGL1	6RBI
Q14919	1JFI
P0C0S5	1F66
P0C0S5	3WA9
P0C0S5	4CAY
P0C0S5	4NFT
P0C0S5	5B31
P0C0S5	5B32
P0C0S5	5B33
P0C0S5	5CHL
P0C0S5	5FUG
P0C0S5	5Z30
P0C0S5	6JOU
P0C0S5	6KO2
P20671	5GT3
P20671	6KBB
P20671	7EA8
P15976	6G0Q
Q9UH65	2DN6
Q96EK4	2LAU
Q96EK4	5AJS
Q8NFD5	2CXY
Q8NFD5	2EH9
P15923	2MH0
P15923	2YPA
P15923	2YPB
P15923	3U5V
P15923	6MGN
O43189	2E5P
O43189	2M0O
O43189	4HCZ
O43189	5XFN
O43189	5XFO
O43189	5XFP
O43189	6WAT
O43189	6WAV
O43189	7LKY
Q14739	2DIG
P40938	6VVO
P40937	6VVO
Q9UIS9	1D9N
Q9UIS9	1IG4
Q9UIS9	4D4W
Q9UIS9	5W9Q
Q9UIS9	6D1T
Q9H171	2L4M
Q9H171	2LNB
Q9H171	3EYI
Q9H171	4KA4
Q9Y2S7	6Z9C
Q9Y2S7	6ZLX
Q5QNW6	6MUO
Q5QNW6	6MUP
Q9UGP5	1NZP
Q9UGP5	1RZT
Q9UGP5	1XSL
Q9UGP5	1XSN
Q9UGP5	1XSP
Q9UGP5	2BCQ
Q9UGP5	2BCR
Q9UGP5	2BCS
Q9UGP5	2BCU
Q9UGP5	2BCV
Q9UGP5	2GWS
Q9UGP5	2JW5
Q9UGP5	2PFN
Q9UGP5	2PFO
Q9UGP5	2PFP
Q9UGP5	2PFQ
Q9UGP5	3C5F
Q9UGP5	3C5G
Q9UGP5	3HW8
Q9UGP5	3HWT
Q9UGP5	3HX0
Q9UGP5	3MDA
Q9UGP5	3MDC
Q9UGP5	3MGH
Q9UGP5	3MGI
Q9UGP5	3PML
Q9UGP5	3PMN
Q9UGP5	3PNC
Q9UGP5	3UPQ
Q9UGP5	3UQ0
Q9UGP5	3UQ2
Q9UGP5	4FO6
Q9UGP5	4K4G
Q9UGP5	4K4H
Q9UGP5	4K4I
Q9UGP5	4X5V
Q9UGP5	4XA5
Q9UGP5	4XQ8
Q9UGP5	4XRH
Q9UGP5	4XUS
Q9UGP5	5CA7
Q9UGP5	5CB1
Q9UGP5	5CHG
Q9UGP5	5CJ7
Q9UGP5	5CP2
Q9UGP5	5CR0
Q9UGP5	5CWR
Q9UGP5	5DDM
Q9UGP5	5DDY
Q9UGP5	5DKW
Q9UGP5	5III
Q9UGP5	5IIJ
Q9UGP5	5IIK
Q9UGP5	5IIL
Q9UGP5	5IIM
Q9UGP5	5IIN
Q9UGP5	5IIO
Q9UGP5	5W4G
Q9UGP5	7M07
Q9UGP5	7M08
Q9UGP5	7M09
Q9UGP5	7M0A
Q9UGP5	7M0B
Q9UGP5	7M0C
Q9UGP5	7M0D
Q9UGP5	7M0E
Q9Y6K1	2QRV
Q9Y6K1	3A1A
Q9Y6K1	3A1B
Q9Y6K1	3LLR
Q9Y6K1	3SVM
Q9Y6K1	4QBQ
Q9Y6K1	4QBR
Q9Y6K1	4QBS
Q9Y6K1	4U7P
Q9Y6K1	4U7T
Q9Y6K1	5YX2
Q9Y6K1	6BRR
Q9Y6K1	6F57
Q9Y6K1	6PA7
Q9Y6K1	6W89
Q9Y6K1	6W8B
Q9Y6K1	6W8D
Q9Y6K1	6W8J
O95831	1M6I
O95831	4BUR
O95831	4BV6
O95831	4FDC
O95831	4LII
O95831	5FMH
O95831	5FS6
O95831	5FS7
O95831	5FS8
O95831	5FS9
O95831	5KVH
O95831	5KVI
O75367	1U35
O75367	1ZR3
O75367	1ZR5
O75367	2F8N
O75367	2FXK
O75367	3HQH
O75367	3HSV
O75367	3IID
O75367	3IIF
O75367	3IVB
O75367	5IIT
O75367	5LNC
O75367	7D3Y
Q14683	6WG3
Q14683	6WG4
Q14683	6WG6
Q14683	6WGE
Q5D1E8	3V32
Q5D1E8	3V33
Q5D1E8	3V34
P52298	1H2T
P52298	1H2U
P52298	1H2V
P52298	1H6K
P52298	1N52
P52298	1N54
P52298	3FEX
P52298	3FEY
P52298	5OO6
P52298	5OOB
P52298	6D0Y
P52298	7ABG
Q14653	1J2F
Q14653	1QWT
Q14653	1T2K
Q14653	1ZOQ
Q14653	2O61
Q14653	2O6G
Q14653	2PI0
Q14653	3A77
Q14653	3QU6
Q14653	5JEJ
Q14653	5JEK
Q14653	5JEL
Q14653	5JEM
Q14653	5JEO
Q14653	5JER
Q14653	6SIV
Q14653	6SJA
Q14653	7JFL
P05423	7A6H
P05423	7AE1
P05423	7AE3
P05423	7AEA
P05423	7AST
P05423	7D58
P05423	7D59
P05423	7DN3
P05423	7DU2
P05423	7FJI
P05423	7FJJ
Q96A08	3WKJ
Q96A08	5GSU
Q96A08	5GT3
Q96A08	6BIY
Q9H211	2LE8
Q9H211	2WVR
Q9H211	6QCG
Q9UBX0	2K40
Q9Y535	7A6H
Q9Y535	7AE1
Q9Y535	7AE3
Q9Y535	7AEA
Q9Y535	7AST
Q9Y535	7D58
Q9Y535	7D59
Q9Y535	7DN3
Q9Y535	7DU2
Q9Y535	7FJI
Q9Y535	7FJJ
Q08945	4IFS
Q08945	5UMR
Q08945	5UMS
Q08945	5VWE
Q08945	6L1E
Q08945	6L1R
Q08945	6L34
Q08945	6UPK
Q08945	6UPL
Q8NEZ4	2YSM
Q8NEZ4	2YUK
Q8NEZ4	3UVL
Q8NEZ4	4ERY
Q8NEZ4	5F59
Q8NEZ4	5F6K
Q8NEZ4	6KIW
Q8NEZ4	6MLC
P17096	2EZD
P17096	2EZE
P17096	2EZF
P17096	2EZG
O75190	6U3R
O75190	6U3S
O75190	7JSQ
O75190	7QBY
Q14865	1IG6
Q14865	2OEH
O95602	7OB9
O95602	7OBA
O95602	7OBB
O95602	7VBA
O95602	7VBB
O95602	7VBC
P26651	4J8S
Q15397	4WZR
Q15397	4WZW
P29375	2JXJ
P29375	2KGG
P29375	2KGI
P29375	3GL6
P29375	5C11
P29375	5CEH
P29375	5E6H
P29375	5ISL
P29375	5IVB
P29375	5IVC
P29375	5IVE
P29375	5IVF
P29375	5IVJ
P29375	5IVV
P29375	5IVY
P29375	5IW0
P29375	5IWF
P29375	5K4L
P29375	5V9P
P29375	5V9T
P29375	6BGU
P29375	6BGV
P29375	6BGW
P29375	6BGX
P29375	6BGY
P29375	6BGZ
P29375	6BH0
P29375	6BH1
P29375	6BH2
P29375	6BH3
P29375	6BH4
P29375	6BH5
P29375	6DQ4
P29375	6DQ5
P29375	6DQ6
P29375	6DQ7
P29375	6DQ8
P29375	6DQ9
P29375	6DQA
P29375	6DQB
P29375	6DQC
P29375	6DQD
P29375	6DQE
P29375	6DQF
P29375	7KLO
P29375	7KLR
Q14527	2MZN
Q14527	4HRE
Q14527	4HRH
Q14527	4S0N
Q14527	4XZF
Q14527	4XZG
Q14527	5BNH
Q14527	5K5F
Q14527	6KCS
P40763	5AX3
P40763	5U5S
P40763	6NJS
P40763	6NUQ
P40763	6QHD
P40763	6TLC
P05455	1OWX
P05455	1S79
P05455	1S7A
P05455	1YTY
P05455	1ZH5
P05455	2VOD
P05455	2VON
P05455	2VOO
P05455	2VOP
Q03181	1GWX
Q03181	1Y0S
Q03181	2AWH
Q03181	2B50
Q03181	2BAW
Q03181	2ENV
Q03181	2GWX
Q03181	2J14
Q03181	2Q5G
Q03181	2XYJ
Q03181	2XYW
Q03181	2XYX
Q03181	2ZNP
Q03181	2ZNQ
Q03181	3D5F
Q03181	3DY6
Q03181	3ET2
Q03181	3GWX
Q03181	3GZ9
Q03181	3OZ0
Q03181	3PEQ
Q03181	3SP9
Q03181	3TKM
Q03181	5U3Q
Q03181	5U3R
Q03181	5U3S
Q03181	5U3T
Q03181	5U3U
Q03181	5U3V
Q03181	5U3W
Q03181	5U3X
Q03181	5U3Y
Q03181	5U3Z
Q03181	5U40
Q03181	5U41
Q03181	5U42
Q03181	5U43
Q03181	5U44
Q03181	5U45
Q03181	5U46
Q03181	5XMX
Q03181	5Y7X
Q03181	5ZXI
Q03181	6A6P
Q03181	7VWE
Q03181	7VWF
Q03181	7VWG
Q03181	7VWH
Q03181	7W0G
Q6P4R8	3U21
Q6P4R8	4UF5
Q6P4R8	4UF6
Q6P4R8	4WLP
Q04206	1NFI
Q04206	2LSP
Q04206	2O61
Q04206	3GUT
Q04206	3QXY
Q04206	3RC0
Q04206	4KV1
Q04206	4KV4
Q04206	5U4K
Q04206	5URN
Q04206	6NV2
Q04206	6QHL
Q04206	6QHM
Q04206	6YOW
Q04206	6YOX
Q04206	6YOY
Q04206	6YP2
Q04206	6YP3
Q04206	6YP8
Q04206	6YPL
Q04206	6YPY
Q04206	6YQ2
Q04206	7BI3
Q04206	7BIQ
Q04206	7BIW
Q04206	7BIY
Q04206	7BJB
Q04206	7BJF
Q04206	7BJL
Q04206	7BJW
Q04206	7BKH
Q04206	7LET
Q04206	7LEU
Q04206	7LF4
Q04206	7NJ9
Q04206	7NJB
Q04206	7NK3
Q04206	7NK5
Q04206	7NLA
Q04206	7NLE
Q04206	7NM1
Q04206	7NM3
Q04206	7NM9
Q04206	7NMH
Q04206	7NQP
Q04206	7NR7
Q04206	7NSV
Q04206	7NV4
Q04206	7NVI
Q04206	7NWS
Q04206	7NXS
Q04206	7NXT
Q04206	7NXW
Q04206	7NXY
Q04206	7NY4
Q04206	7NYE
Q04206	7NYF
Q04206	7NYG
Q04206	7NZ6
Q04206	7NZG
Q04206	7NZK
Q04206	7NZV
Q04206	7O34
Q04206	7O3A
Q04206	7O3F
Q04206	7O3P
Q04206	7O3Q
Q04206	7O3R
Q04206	7O3S
Q04206	7O57
Q04206	7O59
Q04206	7O5A
Q04206	7O5C
Q04206	7O5D
Q04206	7O5F
Q04206	7O5G
Q04206	7O5O
Q04206	7O5P
Q04206	7O5S
Q04206	7O5U
Q04206	7O5X
Q04206	7O6F
Q04206	7O6G
Q04206	7O6I
Q04206	7O6J
Q04206	7O6K
Q04206	7O6M
Q04206	7O6O
O95243	2MOE
O95243	3IHO
O95243	4DK9
O95243	4E9E
O95243	4E9F
O95243	4E9G
O95243	4E9H
O95243	4EA4
O95243	4EA5
O95243	4LG7
O95243	4OFA
O95243	4OFE
O95243	4OFH
O95243	5CHZ
O95243	6VJW
O95243	7KZ0
O95243	7KZ1
O95243	7KZG
O95239	6OYL
Q9H3D4	1RG6
Q9H3D4	2NB1
Q9H3D4	2RMN
Q9H3D4	2Y9T
Q9H3D4	2Y9U
Q9H3D4	3QYM
Q9H3D4	3QYN
Q9H3D4	3US0
Q9H3D4	3US1
Q9H3D4	3US2
Q9H3D4	3ZY0
Q9H3D4	3ZY1
Q9H3D4	4A9Z
Q9H3D4	6FGN
Q9H3D4	6RU6
Q9H3D4	6RU7
Q9H3D4	6RU8
P58340	3UAL
P58340	3UBW
P58340	6Y8E
P38935	1MSZ
P38935	2LRR
P38935	4B3F
P38935	4B3G
P15036	4BQA
P15036	4MHV
Q12824	5AJ1
Q12824	5GJK
Q12824	5L7A
Q12824	5L7B
Q12824	6AX5
Q12824	6KAG
Q12824	6KZ7
Q12824	6LTH
Q12824	6LTJ
Q12824	6LZP
Q12824	6UCH
Q96NY9	2MC3
Q96NY9	2ZIX
Q96NY9	4P0P
Q96NY9	4P0Q
Q96NY9	4P0R
Q96NY9	4P0S
Q96NY9	6VWB
Q96NY9	7BU5
Q96NY9	7F6L
P02788	1B0L
P02788	1BKA
P02788	1CB6
P02788	1DSN
P02788	1EH3
P02788	1FCK
P02788	1H43
P02788	1H44
P02788	1H45
P02788	1HSE
P02788	1L5T
P02788	1LCF
P02788	1LCT
P02788	1LFG
P02788	1LFH
P02788	1LFI
P02788	1LGB
P02788	1N76
P02788	1SQY
P02788	1U62
P02788	1VFD
P02788	1VFE
P02788	1XV4
P02788	1XV7
P02788	1Z6V
P02788	1Z6W
P02788	2BJJ
P02788	2DP4
P02788	2GMC
P02788	2GMD
P02788	2HD4
P02788	2PMS
P02788	7N88
P25208	1N1J
P25208	4AWL
P25208	4CSR
P25208	6QMP
P25208	6QMQ
P25208	6QMS
P25208	7AH8
P25205	6XTX
P25205	6XTY
P25205	7PFO
P25205	7PLO
P56282	2V6Z
P56282	5VBN
P56282	7PFO
P56282	7PLO
O15409	2A07
O15409	2AS5
O60673	3ABD
O60673	3ABE
O60673	3VU7
O60673	4EXT
O60673	4GK0
O60673	4GK5
O60673	5O8K
O60673	6BC8
O60673	6BCD
O60673	6BI7
O60673	6EKM
O60673	6KEA
O60673	6WS0
O60673	6WS5
P35869	5NJ8
P20023	1GHQ
P20023	1LY2
P20023	1W2R
P20023	1W2S
P20023	2ATY
P20023	2GSX
P20023	3OED
P03973	2Z7F
P03973	4DOQ
P03950	1A4Y
P03950	1ANG
P03950	1AWZ
P03950	1B1E
P03950	1B1I
P03950	1B1J
P03950	1GV7
P03950	1H0D
P03950	1H52
P03950	1H53
P03950	1HBY
P03950	1K58
P03950	1K59
P03950	1K5A
P03950	1K5B
P03950	1UN3
P03950	1UN4
P03950	1UN5
P03950	2ANG
P03950	4AHD
P03950	4AHE
P03950	4AHF
P03950	4AHG
P03950	4AHH
P03950	4AHI
P03950	4AHJ
P03950	4AHK
P03950	4AHL
P03950	4AHM
P03950	4AHN
P03950	4AOH
P03950	4B36
P03950	5EOP
P03950	5EPZ
P03950	5EQO
P03950	5M9A
P03950	5M9C
P03950	5M9G
P03950	5M9J
P03950	5M9M
P03950	5M9P
P03950	5M9Q
P03950	5M9R
P03950	5M9S
P03950	5M9T
P03950	5M9V
P03950	7NPM
P03950	7PNJ
P03950	7PNR
P19387	5IY6
P19387	5IY7
P19387	5IY8
P19387	5IY9
P19387	5IYA
P19387	5IYB
P19387	5IYC
P19387	5IYD
P19387	6DRD
P19387	6O9L
P19387	6XRE
P19387	7LBM
P05067	1AAP
P05067	1AMB
P05067	1AMC
P05067	1AML
P05067	1BA4
P05067	1BA6
P05067	1BJB
P05067	1BJC
P05067	1BRC
P05067	1CA0
P05067	1HZ3
P05067	1IYT
P05067	1MWP
P05067	1OWT
P05067	1QCM
P05067	1QWP
P05067	1QXC
P05067	1QYT
P05067	1TAW
P05067	1TKN
P05067	1X11
P05067	1Z0Q
P05067	1ZE7
P05067	1ZE9
P05067	1ZJD
P05067	2BEG
P05067	2BP4
P05067	2FJZ
P05067	2FK1
P05067	2FK2
P05067	2FK3
P05067	2FKL
P05067	2FMA
P05067	2G47
P05067	2IPU
P05067	2LFM
P05067	2LLM
P05067	2LMN
P05067	2LMO
P05067	2LMP
P05067	2LMQ
P05067	2LNQ
P05067	2LOH
P05067	2LP1
P05067	2LZ3
P05067	2LZ4
P05067	2M4J
P05067	2M9R
P05067	2M9S
P05067	2MGT
P05067	2MJ1
P05067	2MPZ
P05067	2MVX
P05067	2MXU
P05067	2NAO
P05067	2OTK
P05067	2R0W
P05067	2WK3
P05067	2Y29
P05067	2Y2A
P05067	2Y3J
P05067	2Y3K
P05067	2Y3L
P05067	3AYU
P05067	3BAE
P05067	3BKJ
P05067	3DXC
P05067	3DXD
P05067	3DXE
P05067	3GCI
P05067	3IFL
P05067	3IFN
P05067	3IFO
P05067	3IFP
P05067	3JQ5
P05067	3JQL
P05067	3JTI
P05067	3KTM
P05067	3L33
P05067	3L81
P05067	3MOQ
P05067	3MXC
P05067	3MXY
P05067	3NYJ
P05067	3NYL
P05067	3OVJ
P05067	3OW9
P05067	3PZZ
P05067	3Q2X
P05067	3SV1
P05067	3U0T
P05067	3UMH
P05067	3UMI
P05067	3UMK
P05067	4HIX
P05067	4JFN
P05067	4M1C
P05067	4MDR
P05067	4MVI
P05067	4MVK
P05067	4MVL
P05067	4NGE
P05067	4OJF
P05067	4ONF
P05067	4ONG
P05067	4PQD
P05067	4PWQ
P05067	4XXD
P05067	5AEF
P05067	5AM8
P05067	5AMB
P05067	5BUO
P05067	5C67
P05067	5CSZ
P05067	5HOW
P05067	5HOX
P05067	5HOY
P05067	5KK3
P05067	5LFY
P05067	5LV0
P05067	5MY4
P05067	5MYO
P05067	5MYX
P05067	5ONP
P05067	5ONQ
P05067	5OQV
P05067	5TXD
P05067	5VOS
P05067	5VZY
P05067	5W3P
P05067	6CO3
P05067	6GFI
P05067	6ITU
P05067	6IYC
P05067	6NB9
P05067	6O4J
P05067	6OC9
P05067	6OIZ
P05067	6RHY
P05067	6SHS
P05067	6SZF
P05067	6TI5
P05067	6TI6
P05067	6TI7
P05067	6W0O
P05067	6WXM
P05067	6XOV
P05067	6YHF
P05067	6YHI
P05067	6YHO
P05067	6YHP
P05067	6YHX
P05067	7B3J
P05067	7B3K
P05067	7E6P
P05067	7JXN
P05067	7JXO
P05067	7O1Q
P05067	7Q4B
P05067	7Q4M
P50750	3BLH
P50750	3BLQ
P50750	3BLR
P50750	3LQ5
P50750	3MI9
P50750	3MIA
P50750	3MY1
P50750	3TN8
P50750	3TNH
P50750	3TNI
P50750	4BCF
P50750	4BCG
P50750	4BCH
P50750	4BCI
P50750	4BCJ
P50750	4EC8
P50750	4EC9
P50750	4IMY
P50750	4OGR
P50750	4OR5
P50750	5L1Z
P50750	6CYT
P50750	6GZH
P50750	6W9E
P50750	6Z45
P50750	7NWK
Q02880	3QX3
Q02880	4G0U
Q02880	4G0V
Q02880	4G0W
Q02880	4J3N
Q02880	5GWI
Q02880	5GWJ
Q02880	5ZAD
Q02880	5ZEN
Q02880	5ZQF
Q02880	5ZRF
Q02878	4UG0
Q02878	4V6X
Q02878	5AJ0
Q02878	5LKS
Q02878	5T2C
Q02878	6IP5
Q02878	6IP6
Q02878	6IP8
Q02878	6LQM
Q02878	6LSR
Q02878	6LSS
Q02878	6LU8
Q02878	6OLE
Q02878	6OLF
Q02878	6OLG
Q02878	6OLI
Q02878	6OLZ
Q02878	6OM0
Q02878	6OM7
Q02878	6QZP
Q02878	6W6L
Q02878	6XA1
Q02878	6Y0G
Q02878	6Y2L
Q02878	6Y57
Q02878	6Y6X
Q02878	6Z6L
Q02878	6Z6M
Q02878	6Z6N
Q02878	6ZM7
Q02878	6ZME
Q02878	6ZMI
Q02878	6ZMO
Q02878	7BHP
Q14209	1N4M
Q02818	1SNL
P40424	1B72
P40424	1PUF
Q9UNS1	4XHT
Q9UNS1	4XHU
Q9UNS1	4XHW
Q9UNS1	5MQI
Q9UNS1	6T9Q
Q9UNS1	6TAZ
Q9UNS1	7PFO
Q9UNS1	7PLO
Q9NR48	3MQM
Q9NR48	3OPE
Q9NR48	4YNM
Q9NR48	4YNP
Q9NR48	4YPA
Q9NR48	4YPE
Q9NR48	4YPU
Q9NR48	6AGO
Q9NR48	6INE
Q9NR48	6WZW
Q9NR48	6X0P
P19474	2IWG
P19474	5JPX
P19474	5OLM
P19474	6FGA
P19474	6S53
P19474	7BBD
P25490	1UBD
P25490	1ZNM
P25490	4C5I
Q14191	2AXL
Q14191	2DGZ
Q14191	2E1E
Q14191	2E1F
Q14191	2FBT
Q14191	2FBV
Q14191	2FBX
Q14191	2FBY
Q14191	2FC0
Q14191	3AAF
Q14191	6TYV
Q14191	6YHR
O60870	2CKK
O60870	2V1N
O60870	7ABH
O60870	7ABI
O14802	7A6H
O14802	7AE1
O14802	7AE3
O14802	7AEA
O14802	7AST
O14802	7D58
O14802	7D59
O14802	7DN3
O14802	7DU2
O14802	7FJI
O14802	7FJJ
P41235	1PZL
P41235	3CBB
P41235	3FS1
P41235	4B7W
P41235	4IQR
P41235	6CHT
P35398	1N83
P35398	1S0X
P35398	4S15
O14770	3K2A
O14770	4XRM
O14770	5BNG
O14770	5EG0
O14746	2BCK
O14746	4B18
O14746	4MNQ
O14746	5MEN
O14746	5MEO
O14746	5MEP
O14746	5MEQ
O14746	5MER
O14746	5UGW
O14746	7BG9
O14746	7QXA
O14746	7QXB
O14746	7QXS
O14746	7V99
O14737	1YYB
O14737	2CRU
O14737	2K6B
Q09472	1L3E
Q09472	1P4Q
Q09472	2K8F
Q09472	2MH0
Q09472	2MZD
Q09472	3BIY
Q09472	3I3J
Q09472	3IO2
Q09472	3P57
Q09472	3T92
Q09472	4BHW
Q09472	4PZR
Q09472	4PZS
Q09472	4PZT
Q09472	5BT3
Q09472	5KJ2
Q09472	5LKT
Q09472	5LKU
Q09472	5LKX
Q09472	5LKZ
Q09472	5LPK
Q09472	5LPM
Q09472	5NU5
Q09472	5XZC
Q09472	6DS6
Q09472	6FGN
Q09472	6FGS
Q09472	6GYR
Q09472	6GYT
Q09472	6K4N
Q09472	6PF1
Q09472	6PGU
Q09472	6V8B
Q09472	6V8K
Q09472	6V8N
Q09472	6V90
Q09472	7LJE
Q9NRL2	5UIY
P35659	1Q1V
P35659	2JX3
P35637	2LA6
P35637	2LCW
P35637	4FDD
P35637	4FQ3
P35637	5W3N
P35637	5XRR
P35637	5XSG
P35637	5YVG
P35637	5YVH
P35637	5YVI
P35637	6BWZ
P35637	6BXV
P35637	6BZP
P35637	6G99
P35637	6GBM
P35637	6KJ1
P35637	6KJ2
P35637	6KJ3
P35637	6KJ4
P35637	6SNJ
P35637	6XFM
P35637	7CYL
P35637	7VQQ
Q12972	3V4Y
Q12962	2F69
Q12962	3M53
Q12962	3M54
Q12962	3M55
Q12962	3M56
Q12962	3M57
Q12962	3M58
Q12962	3M59
Q12962	3M5A
Q12962	4J7F
Q12962	4J7I
Q12962	4J83
Q12962	4J8O
Q12962	4WV4
Q12962	5EG2
Q12962	6MZC
Q12962	6MZD
Q12962	6MZL
Q12962	6MZM
Q12962	7EDX
Q12962	7EG7
Q12962	7EG8
Q12962	7EG9
Q12962	7EGA
Q12962	7EGB
Q12962	7EGC
Q12962	7EGD
Q12962	7EGE
Q12962	7EGF
Q12962	7EGG
Q12962	7EGI
Q12962	7EGJ
Q12962	7ENA
Q12962	7ENC
Q12962	7KTR
Q12962	7KTS
Q9NRY4	2K85
Q9NRY4	3C5H
Q9NRY4	3FK2
Q9NRY4	6PXC
Q9NRY4	6WAY
Q12906	2L33
Q12906	3P1X
P13984	1BBY
P13984	1F3U
P13984	2BBY
P13984	5IY6
P13984	5IY7
P13984	5IY8
P13984	5IY9
P13984	5IYA
P13984	5IYB
P13984	5IYC
P13984	5IYD
P13984	6O9L
P13984	7EDX
P13984	7EG7
P13984	7EG8
P13984	7EG9
P13984	7EGA
P13984	7EGB
P13984	7EGC
P13984	7ENA
P13984	7ENC
P13984	7LBM
P13984	7NVR
P13984	7NVS
P13984	7NVT
P13984	7NVU
P13984	7NVY
P13984	7NVZ
P13984	7NW0
Q6P0N0	1WGX
Q9BSI4	3BQO
Q9BSI4	3BU8
Q9BSI4	5XYF
P13631	1EXA
P13631	1EXX
P13631	1FCX
P13631	1FCY
P13631	1FCZ
P13631	1FD0
P13631	2LBD
P13631	3LBD
P13631	4LBD
P13631	5M24
P13631	6FX0
O14686	3UVK
O14686	4ERQ
O14686	4Z4P
O14686	6O7G
P35269	1F3U
P35269	1I27
P35269	1J2X
P35269	1NHA
P35269	1ONV
P35269	2K7L
P35269	5IY6
P35269	5IY7
P35269	5IY8
P35269	5IY9
P35269	5IYA
P35269	5IYB
P35269	5IYC
P35269	5IYD
P35269	6O9L
P35269	7EDX
P35269	7EG7
P35269	7EG8
P35269	7EG9
P35269	7EGA
P35269	7EGB
P35269	7EGC
P35269	7ENA
P35269	7ENC
P35269	7LBM
P35269	7NVR
P35269	7NVS
P35269	7NVT
P35269	7NVU
P35269	7NVY
P35269	7NVZ
P35269	7NW0
P35251	2EBU
P35251	2K6G
P35251	2K7F
P35251	6VVO
P35250	6VVO
P35249	6VVO
P23771	4HC7
P23771	4HC9
P23771	4HCA
Q9NX58	6ZMI
Q9NX58	6ZMO
Q9NX58	6ZVH
Q96S55	3VHS
Q96S55	3VHT
Q4VC44	2RPR
A6NHR9	6MW7
Q8N8Q3	4NSP
Q8N8Q3	6OZE
O14497	1RYU
O14497	6LTH
O14497	6LTJ
Q9P2D1	2CKC
Q9P2D1	2V0E
Q9P2D1	2V0F
P55316	7CBY
Q5TKA1	6C48
Q5TKA1	7N40
Q13535	5YZ0
Q8N5Y2	2Y0N
Q8N5Y2	3OA6
Q8N5Y2	3OB9
P55265	1QBJ
P55265	1QGP
P55265	1XMK
P55265	2ACJ
P55265	2GXB
P55265	2L54
P55265	2MDR
P55265	3F21
P55265	3F22
P55265	3F23
P55265	3IRQ
P55265	3IRR
P55265	5ZU1
P55265	5ZUO
P55265	5ZUP
P55265	7C0I
P23396	1WH9
P23396	4UG0
P23396	4V6X
P23396	5A2Q
P23396	5AJ0
P23396	5FLX
P23396	5LKS
P23396	5OA3
P23396	5T2C
P23396	5VYC
P23396	6FEC
P23396	6G51
P23396	6G53
P23396	6G5H
P23396	6G5I
P23396	6IP5
P23396	6IP6
P23396	6IP8
P23396	6OLE
P23396	6OLF
P23396	6OLG
P23396	6OLI
P23396	6OLZ
P23396	6OM0
P23396	6OM7
P23396	6QZP
P23396	6XA1
P23396	6Y0G
P23396	6Y2L
P23396	6Y57
P23396	6YBS
P23396	6Z6L
P23396	6Z6M
P23396	6Z6N
P23396	6ZLW
P23396	6ZM7
P23396	6ZME
P23396	6ZMI
P23396	6ZMO
P23396	6ZMT
P23396	6ZMW
P23396	6ZN5
P23396	6ZOJ
P23396	6ZOL
P23396	6ZON
P23396	6ZP4
P23396	6ZUO
P23396	6ZV6
P23396	6ZVH
P23396	6ZVJ
P23396	6ZXD
P23396	6ZXE
P23396	6ZXF
P23396	6ZXG
P23396	6ZXH
P23396	7A09
P23396	7K5I
Q7Z5Q5	4XVI
Q7Z5Q5	4XVK
Q7Z5Q5	4XVL
Q7Z5Q5	4XVM
P55201	2D9E
P55201	2RS9
P55201	2X35
P55201	2X4W
P55201	2X4X
P55201	2X4Y
P55201	3L42
P55201	3MO8
P55201	4LC2
P55201	4QYD
P55201	4QYL
P55201	4UYE
P55201	5C6S
P55201	5C7N
P55201	5C85
P55201	5C87
P55201	5C89
P55201	5D7X
P55201	5DY7
P55201	5DYA
P55201	5DYC
P55201	5E3D
P55201	5E3G
P55201	5EM3
P55201	5EPR
P55201	5EPS
P55201	5EQ1
P55201	5ERC
P55201	5ETB
P55201	5ETD
P55201	5EV9
P55201	5EVA
P55201	5EWC
P55201	5EWD
P55201	5EWH
P55201	5EWV
P55201	5EWW
P55201	5FFV
P55201	5FFW
P55201	5FFY
P55201	5FG4
P55201	5FG5
P55201	5G4R
P55201	5G4S
P55201	5MWG
P55201	5MWH
P55201	5MWZ
P55201	5MYG
P55201	5O4S
P55201	5O4T
P55201	5O55
P55201	5O5A
P55201	5O5F
P55201	5O5H
P55201	5OV8
P55201	5OWA
P55201	5OWB
P55201	5OWE
P55201	5T4U
P55201	5T4V
P55201	6EKQ
P55201	6U04
P55201	7C4I
Q9UBK2	1XB7
Q9UBK2	3B1M
Q9UBK2	3CS8
Q9UBK2	3D24
Q9UBK2	3U9Q
Q9UBK2	3V9T
Q9UBK2	3V9V
Q9UBK2	4QJR
Q9UBK2	4QK4
Q9UBK2	5Q0I
Q9UBK2	5TWO
Q9UBK2	5UNJ
Q9UBK2	5Z5S
Q9UBK2	5Z6S
Q9UBK2	6AD9
Q9UBK2	6FZF
Q9UBK2	6FZP
Q9UBK2	6IZM
Q9UBK2	6IZN
Q9UBK2	6K0T
Q9UBK2	6KXX
Q9UBK2	6KXY
Q9UBK2	6LN4
Q9UBK2	6MS7
Q9UBK2	6NWK
Q9UBK2	6NWL
Q9UBK2	6T1V
Q9UBK2	6W9K
Q9UBK2	6W9L
Q9UBK2	7E2E
Q9UBK2	7KHT
Q7Z3K3	2E72
Q7Z3K3	2N3A
Q7Z3K3	6EMP
Q8N2Z9	4DRA
Q8N2Z9	4DRB
Q8N2Z9	4E44
Q8N2Z9	4E45
Q8N2Z9	4NDY
Q8N2Z9	4NE1
Q8N2Z9	4NE3
Q8N2Z9	4NE5
Q8N2Z9	4NE6
P53803	5IY6
P53803	5IY7
P53803	5IY8
P53803	5IY9
P53803	5IYA
P53803	5IYB
P53803	5IYC
P53803	5IYD
P53803	6DRD
P53803	6O9L
P53803	6XRE
P53803	7A6H
P53803	7AE1
P53803	7AE3
P53803	7AEA
P53803	7AST
P53803	7D58
P53803	7D59
P53803	7DN3
P53803	7DU2
P53803	7FJI
P53803	7FJJ
P53803	7LBM
P53803	7OB9
P53803	7OBA
P53803	7OBB
P53803	7VBA
P53803	7VBB
P53803	7VBC
Q7RTV0	5IFE
Q7RTV0	5O9Z
Q7RTV0	5SYB
Q7RTV0	5Z56
Q7RTV0	5Z57
Q7RTV0	5Z58
Q7RTV0	5ZYA
Q7RTV0	6AH0
Q7RTV0	6AHD
Q7RTV0	6EN4
Q7RTV0	6FF4
Q7RTV0	6FF7
Q7RTV0	6QX9
Q7RTV0	6Y50
Q7RTV0	6Y5Q
Q7RTV0	7ABG
Q7RTV0	7ABH
Q7RTV0	7ABI
Q7RTV0	7B0I
Q7RTV0	7B91
Q7RTV0	7B92
Q7RTV0	7B9C
Q7RTV0	7DVQ
Q7RTV0	7OMF
Q7RTV0	7ONB
Q7RTV0	7OPI
Q7RTV0	7Q3L
Q7RTV0	7Q4O
Q7RTV0	7Q4P
P0C0S8	4QYL
P0C0S8	5KGF
P0C0S8	6R0C
P0C0S8	6RNY
P0C0S8	6X59
P0C0S8	6X5A
P0C0S8	6XJD
P0C0S8	7BG9
P0C0S8	7E8D
P0C0S8	7JO9
P0C0S8	7JOA
Q92804	2MMY
P61978	1J5K
P61978	1KHM
P61978	1ZZI
P61978	1ZZJ
P61978	1ZZK
P61978	7CRU
Q07352	1W0V
Q07352	1W0W
Q00613	2LDU
Q00613	5D5U
Q00613	5D5V
Q00613	5HDG
Q00613	5HDN
Q00613	7DCJ
Q00613	7DCS
Q00613	7DCT
P13010	1JEQ
P13010	1JEY
P13010	1Q2Z
P13010	1RW2
P13010	3RZ9
P13010	5Y3R
P13010	6ERF
P13010	6ERG
P13010	6ERH
P13010	6ZH6
P13010	6ZHA
P13010	6ZHE
P13010	7AXZ
P13010	7K0Y
P13010	7K17
P13010	7K1J
P13010	7K1K
P13010	7K1N
P13010	7LSY
P13010	7LT3
P13010	7NFC
P13010	7NFE
P13010	7SGL
P13010	7SU3
P13010	7SUD
P55197	5DAG
P55197	5DAH
P55197	6CKN
P55197	6CKO
P55197	6JN2
P55197	7MJU
Q6N021	4NM6
Q6N021	5D9Y
Q6N021	5DEU
Q3KP22	6GNX
Q3KP22	6GNY
Q3KP22	6J08
P23246	4WII
P23246	4WIJ
P23246	4WIK
P23246	5WPA
P23246	6NCQ
P23246	6OWJ
P23246	6WMZ
P23246	7LRQ
P23246	7LRU
P23246	7PU5
Q07666	2XA6
Q07666	3QHE
Q13342	2MD7
Q13342	2MD8
Q13342	6G8R
Q8N884	4KM5
Q8N884	4LEV
Q8N884	4LEW
Q8N884	4MKP
Q8N884	4O67
Q8N884	4O68
Q8N884	4O69
Q8N884	5V8O
Q8N884	5VDO
Q8N884	5VDP
Q8N884	5VDQ
Q8N884	5VDR
Q8N884	5VDS
Q8N884	5VDT
Q8N884	5VDU
Q8N884	5VDV
Q8N884	5VDW
Q8N884	6CT9
Q8N884	6CTA
Q8N884	6EDB
Q8N884	6EDC
Q8N884	6LRC
Q8N884	6LRE
Q8N884	6LRI
Q8N884	6LRJ
Q8N884	6LRK
Q8N884	6LRL
Q8N884	6MJU
Q8N884	6MJW
Q8N884	6MJX
Q8N884	6NAO
Q8N884	6NFG
Q8N884	6NFO
Q8N884	6O47
Q8N884	6Y5D
Q8N884	6Y5E
Q8N884	7C0M
Q8N884	7CCQ
Q8N884	7CCR
P23511	4AWL
P23511	6QMP
P23511	6QMQ
P23511	6QMS
P18848	1CI6
Q13415	5UJ7
Q13415	5UJM
Q13415	6P3W
Q13415	7CTF
Q13415	7CTG
Q13415	7JPO
Q13415	7JPP
Q13415	7JPR
Q13415	7JPS
Q00839	1ZRJ
P33778	3X1S
P33778	3X1U
Q8N488	3IXS
Q9BZS1	3QRF
Q9BZS1	4WK8
P55055	1P8D
P55055	1PQ6
P55055	1PQ9
P55055	1PQC
P55055	1UPV
P55055	1UPW
P55055	3KFC
P55055	3L0E
P55055	4DK7
P55055	4DK8
P55055	4NQA
P55055	4RAK
P55055	5HJP
P55055	5I4V
P55055	5JY3
P55055	5KYA
P55055	5KYJ
P55055	6JIO
P55055	6K9G
P55055	6K9H
P55055	6K9M
P55055	6S4N
P55055	6S4T
P55055	6S4U
P55055	6S5K
P23193	1TFI
P23193	3NDQ
P23193	5IY6
P23193	5IY7
P23193	5IY8
P23193	5IYA
P23193	5IYB
P23193	5IYC
P23193	6O9L
P23193	6ZUY
P23193	6ZV4
P23193	7CNF
P48431	1O4X
P48431	2LE4
P48431	6T7B
P48431	6T90
P48431	6WX7
P48431	6WX8
P48431	6WX9
P48431	6YOV
Q6FI13	6SE6
Q6FI13	6SEE
Q6FI13	6SEF
Q6FI13	6SEG
Q6FI13	6Y5D
Q6FI13	7JZV
Q15475	4EGC
Q15431	4YTO
Q15431	6F5X
Q15431	6F62
Q15431	6F63
Q15431	6F64
O00571	2I4I
O00571	2JGN
O00571	3JRV
O00571	4O2C
O00571	4O2E
O00571	4O2F
O00571	4PX9
O00571	4PXA
O00571	5E7I
O00571	5E7J
O00571	5E7M
O00571	6CZ5
O00571	6O5F
